company_name,company_number,company_status,company_type,company_subtype,dissolution_date,incorporation_date,removed_date,registered_date,nature_of_business,registered_office_address
AUDECUR LIMITED,15393967,Active,Private limited company,,,2024-01-07,,,01110 01120 01130,"15393967 - COMPANIES HOUSE DEFAULT ADDRESS Cardiff CF14 8LH "
PRESSAPE LIMITED,15393920,Active,Private limited company,,,2024-01-07,,,73120,16 Clytha Square Newport NP20 2EE United Kingdom
BOTANICALVIEWS LANDSCAPE LTD,15393923,Active,Private limited company,,,2024-01-07,,,81300,8 Ingrave Road Brentwood CM15 8TG United Kingdom
MM PVT LTD,15393927,Active,Private limited company,,,2024-01-07,,,64991,9 Kettle Lane Chilmington Green Ashford TN23 3UG England
BS GLOW LIMITED,15393935,Active,Private limited company,,,2024-01-07,,,47910,154 Galleon Way Cardiff CF10 4JD Wales
ESOTERIC EMERGENCY SERVICES LTD,15393938,Active,Private limited company,,,2024-01-07,,,96090,7 Aelfric Court Dearne Walk Bedford MK41 7AT England
HM SAHID MART LTD,15393964,Active,Private limited company,,,2024-01-07,,,47910,200 Deighton Road Huddersfield HD2 1JJ England
FAMILY UNDERWEAR LTD,15393980,Active,Private limited company,,,2024-01-07,,,14142,15 Keyes Road Norwich NR1 2JX England
BCA GROUNDWORKS LTD,15393993,Active,Private limited company,,,2024-01-07,,,81300,24 Elgin Road Southampton SO15 1JP England
INFINITE PANDA LTD,SC794313,Active,Private limited company,,,2024-01-07,,,47990,2/2 26 Elizabeth Street Glasgow G51 1AD United Kingdom
J TUK CONSULTANCY LTD,15394343,Active,Private limited company,,,2024-01-07,,,70229,33 Mayfair Avenue Ilford IG1 3DJ England
THE SHOWROOM CHESTERFIELD LTD,15394358,Active,Private limited company,,,2024-01-07,,,46150,The Showroom Derby Road New Tupton Chesterfield S42 6JX England
GALAXY PANDA LTD,SC794314,Active,Private limited company,,,2024-01-07,,,47990,2/1 69 Maxwell Drive Glasgow G41 5JF Scotland
STILL IMAGE LTD,SC794315,Active,Private limited company,,,2024-01-07,,,73120,2 Barnton Avenue West Edinburgh EH4 6EB Scotland
R D DATA SOLUTIONS LIMITED,15394363,Active,Private limited company,,,2024-01-07,,,63110,206 Beaufort Road Bournemouth BH6 5AZ England
FURNISHED LIVING ESTATES LTD,15394367,Active,Private limited company,,,2024-01-07,,,68209,8 Park Road Tring HP23 6BN England
PICARO LTD,15394368,Active,Private limited company,,,2024-01-07,,,41201 41202,3 Brancote Gardens Bromborough Wirral CH62 6AH United Kingdom
DIGNITY CENTRED CARE LTD,15394370,Active,Private limited company,,,2024-01-07,,,86101 86900 88990,27 Crathie Road London SE12 8BT England
EXADOR LTD,15394376,Active,Private limited company,,,2024-01-07,,,46610 46620 46690,10 Runswick Terrace Bradford BD5 8LR England
GREAT DESTINIES LTD,SC794317,Active,Private limited company,,,2024-01-07,,,85100,79 West Street Glasgow G5 8BA Scotland
SIZZLE N’ SPROUT LTD,15394395,Active,Private limited company,,,2024-01-07,,,56101 56103 56210 56290,Hazeldene East End Green Hertford SG14 2PD England
HOME AND DRY ROOFING AND BUILDING LTD,15394396,Active,Private limited company,,,2024-01-07,,,43910,1 Broome Road Wolverhampton WV10 9SH England
CLAUDIA GONGO LTD,15394397,Active,Private limited company,,,2024-01-07,,,81210,Flat 2 Flat 2 26 Stoneleigh Street Oldham OL1 4LE England
BRISTOL CARPENTRY CONTRACTOR LTD,15394399,Active,Private limited company,,,2024-01-07,,,16230,47 Hardenhuish Road Bristol BS4 3ST England
DHAMI CONSULTING LTD,15394411,Active,Private limited company,,,2024-01-07,,,62020,61 Oak Street Wolverhampton WV3 0AH England
DOBB LTD,15394414,Active,Private limited company,,,2024-01-07,,,66190,8 St. James's Square C/A Eurocollect Ltd London SW1Y 4JU England
FAIR FOCUS LIMITED,15394419,Active,Private limited company,,,2024-01-07,,,73120,18 Onyx Crescent Leicester LE4 9AF England
ALI ALIU CONSTRUCTION LTD,15394047,Active,Private limited company,,,2024-01-07,,,43999,"Flat 95, Windsor House Wenlock Road London N1 7SY United Kingdom"
KANDA PEOPLE LTD,15394425,Active,Private limited company,,,2024-01-07,,,70229,37 Hardy Road London SW19 1JA England
DOBB INSURE LTD,15394428,Active,Private limited company,,,2024-01-07,,,66220,8 St. James's Square C/A Eurocollect Ltd London SW1Y 4JU England
VELOCITY SERVICES LIMITED,15394435,Active,Private limited company,,,2024-01-07,,,62012,40 Lyndhurst Road Luton LU1 1LN England
ADORED BESPOKE CREATIONS LTD,15394442,Active,Private limited company,,,2024-01-07,,,47789,81 Brundall Oval Stoke-On-Trent ST2 0PD United Kingdom
ELITE HINGES LIMITED,15394444,Active,Private limited company,,,2024-01-07,,,43390,46 Saxby Street Leicester LE2 0NE England
GLOBAL TRAVEL SOLUTIONS PRIVATE LIMITED,15394450,Active,Private limited company,,,2024-01-07,,,79110,21 Woodcroft Crescent Uxbridge UB10 9JA England
EMANUEL ANGHEL LIMITED,15394459,Active,Private limited company,,,2024-01-07,,,41202,Flat 1 Flat 1 26 Stoneleigh Street Oldham OL1 4LE England
JCOTOBO LIMITED,15394468,Dissolved,Private limited company,,2024-04-30,2024-01-07,,,82990,"71-75 Shelton Street, Covent Garden, London Shelton Street London WC2H 9JQ England"
POPPY LEISURE LTD,15394026,Active,Private limited company,,,2024-01-07,,,56302,17 Stirling Way Thatcham RG18 3FW United Kingdom
M3 PROPERTY INVESTMENTS LTD,15394191,Active,Private limited company,,,2024-01-07,,,68100,145 Tonge Road Sittingbourne ME10 3NX England
QBPROPERTYHOLDINGS LTD,15394046,Active,Private limited company,,,2024-01-07,,,68209,8 Doverfield Road Guildford GU4 7YF England
ARK STUDY LIMITED,15394418,Dissolved,Private limited company,,2024-06-18,2024-01-07,,,85200,24 Ollerton Avenue Sale M33 5HB England
JAABB LTD,15394057,Active,Private limited company,,,2024-01-07,,,46420,91f Hanham Road Bristol BS15 8NW England
FJ TRADERS LTD,15394059,Active,Private limited company,,,2024-01-07,,,47990,Unit #5567 275 New North Road London N1 7AA United Kingdom
AMAAN T LTD,15394064,Active,Private limited company,,,2024-01-07,,,68100,286 Mile End Road London E1 4LJ England
OPULUXEMOMENTS LTD,15394069,Active,Private limited company,,,2024-01-07,,,56210 74100,21 Woodroyd Terrace Bradford BD5 8PQ United Kingdom
EXPRES IT LIMITED,15394071,Active,Private limited company,,,2024-01-07,,,47910 63110 63990 82990,31 Waddington Street London E15 1QJ England
MAGNIFY CARE LTD,15394076,Active,Private limited company,,,2024-01-07,,,47750 47910,54 Kinnaird Road Sheffield S5 0NQ England
MAC ROOFING SERVICES LONDON LTD,15394078,Active,Private limited company,,,2024-01-07,,,43910,Kings House Business Centre Station Road Kings Langley WD4 8LZ England
RIVER AND ROSE FLORAL DESIGN LTD,15394088,Active,Private limited company,,,2024-01-07,,,47760,9 Aspin Park Drive Knaresborough HG5 8EY England
RAINFORD COLLECTIONS LTD,15394093,Active,Private limited company,,,2024-01-07,,,47910,124-128 City Road London EC1V 2NX England
LUIS VITON LTD,15394115,Active,Private limited company,,,2024-01-07,,,47910,78 Clements Road London E6 2DF England
BUYVARO LTD,15394118,Active,Private limited company,,,2024-01-07,,,47910,"3rd Floor, 86-90 Paul Street London EC2A 4NE United Kingdom"
SYNTHICARE LTD,15394122,Active,Private limited company,,,2024-01-07,,,47410,85 Great Portland Street London W1W 7LT United Kingdom
ALFA CUTLERY LIMITED,15394143,Active,Private limited company,,,2024-01-07,,,47990,36 Swinton Place Bradford BD7 3AD England
VELOCITYBAZAAR LTD,15394147,Active,Private limited company,,,2024-01-07,,,47910,58 Vincent Road Dagenham RM9 6AT England
HOUSE ESSENTIALS LIMITED,SC794308,Active,Private limited company,,,2024-01-07,,,46150 47750,62 West Princes Street Helensburgh G84 8UG Scotland
FLUX CLOTHING AND ACCESSORIES LTD,15394186,Active,Private limited company,,,2024-01-07,,,47820,3 Nazareth House Lane Widnes WA8 8UE England
CORNNES LTD,15394189,Active,Private limited company,,,2024-01-07,,,47760,Flat 17 Macmillan Court Telford Close King's Lynn PE30 4TJ England
K9 GPS LTD,15394199,Dissolved,Private limited company,,2024-04-30,2024-01-07,,,80100,61 Birthwaite Road Darton Barnsley S75 5ES England
PUBZ R US LTD,15394214,Active,Private limited company,,,2024-01-07,,,56302,35 Badger Road Sheffield S13 7TQ England
SUPREMAUK LTD,15394217,Active,Private limited company,,,2024-01-07,,,47910,4 Overnhill Road Bristol BS16 5DN England
AUAM LTD,15394227,Active,Private limited company,,,2024-01-07,,,49410,35 Teme Road Worcester WR4 9AW England
BROOM CLEANING LTD,15394233,Active,Private limited company,,,2024-01-07,,,81299,30 Barker Lane Mellor Blackburn BB2 7ED England
RXH LTD,15394238,Active,Private limited company,,,2024-01-07,,,43910,26c Forge Road Crawley RH10 1RJ England
LAMLOUIS LTD,15394240,Active,Private limited company,,,2024-01-07,,,14110,25 Park Avenue London E6 2PZ England
VOLCANO PUBLISHING LIMITED,15394245,Active,Private limited company,,,2024-01-07,,,47910,Pool Meadow Calf Lane Chipping Campden GL55 6JQ United Kingdom
DBMR TRADING LIMITED,15394248,Active,Private limited company,,,2024-01-07,,,47910,"3rd Floor, 86-90 Paul Street London EC2A 4NE United Kingdom"
LEVEL UP LOUNGE LTD,15394252,Active,Private limited company,,,2024-01-07,,,77291,11-17 Ayton Road Wymondham NR18 0QQ England
TACOS PARADISE LTD,15394262,Active,Private limited company,,,2024-01-07,,,56102,312 Hoe Street London E17 9PX England
S D MACHINERY LTD,15394270,Active,Private limited company,,,2024-01-07,,,77320,35 Raynville Court Leeds LS13 2QB England
K S BUILDERS AND CONSULTANCY LIMITED,15394275,Active,Private limited company,,,2024-01-07,,,41202 43290 74100,116 Cooks Lane Birmingham B37 6NT England
TITAN SOFTWARE DEVS LTD,15394279,Active,Private limited company,,,2024-01-07,,,62012,1-7 The Piazza London WC2E 8HB England
SUPERBRAINED LTD,15394295,Active,Private limited company,,,2024-01-07,,,62012,86-90 Paul Street London EC2A 4NE England
STONER & BULLS TRADING SCHOOL LTD,15394298,Active,Private limited company,,,2024-01-07,,,66110,137 Dodworth Road Barnsley S70 6HL England
SOSI LIMITED,15394303,Active,Private limited company,,,2024-01-07,,,86101,148 Freshfield Road Brighton BN2 9YD England
WJMC LTD,15394307,Active,Private limited company,,,2024-01-07,,,47890,40 Church Street Croydon CR0 1RB England
OMR RETAIL LIMITED,15394311,Active,Private limited company,,,2024-01-07,,,47410,75 Gerard Crescent Southampton SO19 6EN England
70229 LTD,15394314,Active,Private limited company,,,2024-01-07,,,70229 78300,"121, Ability House Brooker Road Waltham Abbey EN9 1JH United Kingdom"
SLICE CONSULTING LIMITED,15394319,Active,Private limited company,,,2024-01-07,,,70229,Flat 3 5 Canal Reach London N1C 4BB England
AMAZING LOCATION LIMITED,15394325,Active,Private limited company,,,2024-01-07,,,62090,5 Oakfield Road Frome BA11 4JE England
SETTLE INN LTD,15394332,Active,Private limited company,,,2024-01-07,,,55100,Unit 8 11 Henley Street Birmingham B11 1JB England
MANPREET SINGH MOMI LTD,15394008,Active,Private limited company,,,2024-01-07,,,41201,"13-15 King Street Southall UB2 4DG "
JIJA LIMITED,15394015,Active,Private limited company,,,2024-01-07,,,46499,Rosemead Waltham Road Maidenhead SL6 3NH England
LINK'CABIN LTD,SC794301,Active,Private limited company,,,2024-01-07,,,62012,17 Maulsford Avenue Danderhall Dalkeith EH22 1PJ Scotland
CLIMACO LTD,15394022,Active,Private limited company,,,2024-01-07,,,43220,11 North Close South Normanton Alfreton DE55 2AG England
ELEVATE BEAUTY CLINIC LIMITED,15394024,Active,Private limited company,,,2024-01-07,,,96020,31 Kingsley Road Plymouth PL4 6QP United Kingdom
SJJP LTD,15394044,Active,Private limited company,,,2024-01-07,,,46900,91f Hanham Road Bristol BS15 8NW England
DOBB EMI LTD,15394422,Active,Private limited company,,,2024-01-07,,,64999,8 St. James's Square C/A Eurocollect Ltd London SW1Y 4JU England
TIMESCALE LTD,15394050,Active,Private limited company,,,2024-01-07,,,47430 47599 47710 47770,6 Wroxham Road London SE28 8NB United Kingdom
BABLA INVESTMENTS LIMITED,15394316,Active,Private limited company,,,2024-01-07,,,68209,2 Cumberland Avenue Slough SL2 1AL England
SHEREE KHAN RESTAURANT LIMITED,15394377,Active,Private limited company,,,2024-01-07,,,56101,"15394377 - COMPANIES HOUSE DEFAULT ADDRESS Cardiff CF14 8LH "
DATA DAKTARIN LTD,15394040,Active,Private limited company,,,2024-01-07,,,62012 62020 62090,101 Whitechapel High Street London E1 7RA England
MAXWELL MALEDIZ LTD,15393997,Dissolved,Private limited company,,2024-08-13,2024-01-07,,,46410,37 St. Thomas Drive Pinner HA5 4SX England
TEACH ME MATHS LTD,15394486,Active,Private limited company,,,2024-01-07,,,85590,Bartle House 9 Oxford Court Manchester M2 3WQ United Kingdom
BRUNDLICH MORESBY LTD,15393953,Dissolved,Private limited company,,2024-09-10,2024-01-07,,,10831,"15393953 - COMPANIES HOUSE DEFAULT ADDRESS Cardiff CF14 8LH "
FFANPART LIMITED,15393989,Dissolved,Private limited company,,2024-09-10,2024-01-07,,,17220 17230 17240,12 Somervell Road Harrow HA2 8TU England
NICHOLAS CORP LIMITED,15394335,Dissolved,Private limited company,,2024-09-10,2024-01-07,,,25730,"15394335 - COMPANIES HOUSE DEFAULT ADDRESS Cardiff CF14 8LH "
SZOKO KISMANTE LTD,15394019,Dissolved,Private limited company,,2024-09-10,2024-01-07,,,10310,"15394019 - COMPANIES HOUSE DEFAULT ADDRESS Cardiff CF14 8LH "
TIGER VENTURE HOLDINGS LIMITED,15394294,Active,Private limited company,,,2024-01-07,,,64209,51 Coopers Road Handsworth Wood Birmingham B20 2JU England
SKINTOYOU LIMITED,15394484,Active,Private limited company,,,2024-01-07,,,96020 96040 96090,49 Hendon Way London NW2 2LX England
RKORE LTD,15394452,Active,Private limited company,,,2024-01-07,,,93130,3a Station Road Cippenham Slough SL1 6JJ England
BOUNDLESS MARKETING SOLUTIONS LTD,15394086,Active,Private limited company,,,2024-01-07,,,73110,5 Leigh Street Flat C 5 Leigh Street London WC1H 9EW United Kingdom
BAZAAR TRADE HUB LTD,15394205,Dissolved,Private limited company,,2024-08-13,2024-01-07,,,47890,"15394205 - COMPANIES HOUSE DEFAULT ADDRESS Cardiff CF14 8LH "
WASHED WINDOWS LIMITED,15394052,Active,Private limited company,,,2024-01-07,,,81221,Flat 3 20 Sandon Road Stafford ST16 3ES England
BRADRICK JASTER LTD,15393962,Dissolved,Private limited company,,2024-07-23,2024-01-07,,,10310,"15393962 - COMPANIES HOUSE DEFAULT ADDRESS Cardiff CF14 8LH "
ARCHIBALD STRAND LTD,15393959,Dissolved,Private limited company,,2024-07-16,2024-01-07,,,25620,37 St. Thomas Drive Pinner HA5 4SX England
TRUE INVEST LTD,15394083,Active,Private limited company,,,2024-01-07,,,56101,156 Desborough Road High Wycombe HP11 2QA United Kingdom
15393963 LIMITED,15393963,Active,Private limited company,,,2024-01-07,,,56101,"15393963 - COMPANIES HOUSE DEFAULT ADDRESS Cardiff CF14 8LH "
HUSEBOH LTD,15394092,Dissolved,Private limited company,,2024-10-08,2024-01-07,,,73110,"15394092 - COMPANIES HOUSE DEFAULT ADDRESS Cardiff CF14 8LH "
BROADWATER CONSTRUCTION AND INTERIORS LTD,15394007,Active,Private limited company,,,2024-01-07,,,41202,91 Greenlands Road Weybridge KT13 8PS England
SPARKLEHQ LTD,15393987,Active,Private limited company,,,2024-01-07,,,68209,15 Lupin Road Dudley DY2 7NR England
GLOBAL GRANT LIMITED,15393958,Dissolved,Private limited company,,2024-10-22,2024-01-07,,,47910,"15393958 - COMPANIES HOUSE DEFAULT ADDRESS Cardiff CF14 8LH "
ENTREE CONSTRUCTION LTD,15394424,Dissolved,Private limited company,,2024-10-22,2024-01-07,,,43390,"15394424 - COMPANIES HOUSE DEFAULT ADDRESS Cardiff CF14 8LH "
15394462 LIMITED,15394462,Active,Private limited company,,,2024-01-07,,,56101,"15394462 - COMPANIES HOUSE DEFAULT ADDRESS Cardiff CF14 8LH "
CJ HEALY LTD,15394348,Active,Private limited company,,,2024-01-07,,,82990,Chancery Station House 31-33 High Holborn London WC1V 6AX England
KNIGHTS OF LIGHT LTD,15394034,Active,Private limited company,,,2024-01-07,,,96090,107-111 Fleet Street London EC4A 2AB England
SURE SEAL LTD,15394237,Active,Private limited company,,,2024-01-07,,,41100 43999,49 Wastlebridge Road Liverpool L36 8BA England
THERMAE VENTURES LTD,15394125,Active,Private limited company,,,2024-01-07,,,47190,Unit 20 Blackburne Street Liverpool L19 8JA England
REFORM EDUCATION & TRAINING LTD,15394215,Active,Private limited company,,,2024-01-07,,,99999,11 Shirley Park Road Shirley Solihull B90 2BY England
1988 HOMES LIMITED,15394056,Active,Private limited company,,,2024-01-07,,,68320 98000,Flat 2 Block H Blackfriars Road London SE1 8JJ England
BIG THUMB TV LTD,15394029,Active,Private limited company,,,2024-01-07,,,59113,41 Prospect Road St. Albans AL1 2AT England
LEWTMF LTD,15394389,Active,Private limited by guarantee without share capital,,,2024-01-07,,,42120,6 Westfield Avenue Newport NP20 6EY Wales
ELITE CARS YORKSHIRE LTD,15394436,Active,Private limited company,,,2024-01-07,,,45200,107-111 John Street Sheffield S2 4QX England
SKYVIEW HOMES LTD,15393943,Active,Private limited company,,,2024-01-07,,,43290 43320 43390 43999,54 Saracen Street London E14 6HW England
LORIYA GROUP LIMITED,15393948,Active,Private limited company,,,2024-01-07,,,78109,"15393948 - COMPANIES HOUSE DEFAULT ADDRESS Cardiff CF14 8LH "
AMIN CONTRACTORS LIMITED,15394431,Active,Private limited company,,,2024-01-07,,,68310,88 88 Ashfield Street London E1 2HA England
FLEEKO LIMITED,15394480,Active,Private limited company,,,2024-01-07,,,73200 96040,85 Great Portland Street First Floor London W1W 7LT England
PROPROP VENTURES LTD,15394102,Active,Private limited company,,,2024-01-07,,,55100 68209,58 Cuckoo Way Cambridge CB24 1AQ England
LB SUPPORT LTD,15394488,Active,Private limited company,,,2024-01-07,,,87900,1 Edison Street Darwen BB3 2TG England
SUPER CROWN 07 LIMITED,15393954,Active,Private limited company,,,2024-01-07,,,86102 86210 86900,90 Westmill Road Hitchin SG5 2SF England
N H FLAMES LTD,15394477,Active,Private limited company,,,2024-01-07,,,56103,21 Hyde Park Road Leeds LS6 1PY England
RAPTOR DEVELOPMENT SOLUTIONS LIMITED,15394126,Active,Private limited company,,,2024-01-07,,,62020,14 White Post Court Corby NN17 2AG England
TALITHA CHRISTINE LTD,15394144,Active,Private limited company,,,2024-01-07,,,20420,45 Dugdale Crescent Sutton Coldfield B75 5EY England
ACADEMIC SOULCRAFT LIMITED,15394226,Active,Private limited company,,,2024-01-07,,,85590,Unit 14 Brook Street Driffield YO25 6QP England
BEEYA'S EVENTS LTD,15394404,Active,Private limited company,,,2024-01-07,,,82301,106 The Glade Ilford IG5 0NL United Kingdom
DRAGON AND INVERT SUPPLIES LTD,SC794302,Active,Private limited by guarantee without share capital,,,2024-01-07,,,47910,Flat B 109 Kingsway East Dundee DD4 8DA Scotland
ACELOU LIMITED,15394209,Active,Private limited company,,,2024-01-07,,,14110 46420,"15394209 - COMPANIES HOUSE DEFAULT ADDRESS Cardiff CF14 8LH "
XEOMETRY LTD,15394195,Active,Private limited company,,,2024-01-07,,,90030,155 Armstrongs Fields Broughton Aylesbury HP22 7BX England
EVORA CONSULTING LTD,15394285,Active,Private limited company,,,2024-01-07,,,62020,51a Hillrow Haddenham Ely CB6 3TQ England
ELLA BARWICK INTERIOR DESIGN LTD,15393982,Active,Private limited company,,,2024-01-07,,,74100,Bank Chambers 61 High Street Cranbrook TN17 3EG England
TECHCARE CONSULTING LTD,15393925,Active,Private limited company,,,2024-01-07,,,71122,61 Brookfield Gardens Cheshunt Waltham Cross EN8 0QB England
HOODL LTD,15394129,Active,Private limited company,,,2024-01-07,,,79909,67 York Road Crosby Liverpool L23 5TT England
TAXTUNE ACCOUNTANTS LTD,15394206,Active,Private limited company,,,2024-01-07,,,69202,18 Meriden Grove Bolton BL6 4RQ United Kingdom
DRAIOCHT LIMITED,NI707634,Active,Private limited company,,,2024-01-07,,,47910 70229,39 Mount Eagles Way Dunmurry Belfast BT17 0WT Northern Ireland
SAWINSIGHT LTD,15394219,Active,Private limited company,,,2024-01-07,,,62020 70229,8 Cedars Road London SW4 0QB England
TAY RIVER TAXIS LIMITED,SC794309,Active,Private limited company,,,2024-01-07,,,49320,13 Edith Mcfee Place Edith Mcfee Place Wormit Newport-On-Tay DD6 8BF Scotland
SUSSEX CARDIOLOGY LTD,15394113,Active,Private limited company,,,2024-01-07,,,86220,7-9 The Avenue Eastbourne BN21 3YA United Kingdom
LEWIS WINZAR LTD,15394322,Active,Private limited company,,,2024-01-07,,,47910,82 Calf Close Haxby York YO32 3NP England
MOREFORHOME LTD,15394025,Active,Private limited company,,,2024-01-07,,,47910,19 Pheasant Way Cannock WS11 7LB England
MDT STRUCTURAL SOLUTIONS UK LTD,15394087,Active,Private limited company,,,2024-01-07,,,41100 41201 41202 43290,17 Bro Cymer Llanelltyd Dolgellau LL40 2SY United Kingdom
SYED’S DRIVING SCHOOL LIMITED,15394466,Active,Private limited company,,,2024-01-07,,,85530,53 Marlborough Road Feltham TW13 5HN England
SAFE H&S SUPPORT LTD,15394250,Active,Private limited company,,,2024-01-07,,,84240,12 Orchard Rise Chard TA20 1FX England
DARWIN'S BAR LTD,15394111,Active,Private limited company,,,2024-01-07,,,56101 56302,Orchard House Clyst St. Mary Exeter EX5 1BR England
YOUR LAZY CORNER LTD,15394210,Active,Private limited company,,,2024-01-07,,,47990,Apartment 47 41 Essex Street Birmingham B5 4TT England
TTOL TECHNOLOGIES LTD,15394225,Active,Private limited company,,,2024-01-07,,,62020,31 Stanley Park Drive Wembley HA0 1SQ England
S.Z.SAYEED LTD,15394492,Dissolved,Private limited company,,2025-01-07,2024-01-07,,,86900,5 Nursery Mews Thirsk YO7 1GJ England
NORSO CREATIVE LTD,15394456,Active,Private limited company,,,2024-01-07,,,59112,136a St. Johns Road Woking GU21 7PS England
NG ELECTRICAL SERVICES LTD,15394321,Active,Private limited company,,,2024-01-07,,,43210,35 Hathersage Avenue Long Eaton Nottingham NG10 3EB England
MARKETING MAPS LTD,15394154,Active,Private limited company,,,2024-01-07,,,70229,19 Gaywood Road London E17 4QA England
RSI PRODUCTIONS LTD,15394340,Dissolved,Private limited company,,2025-01-07,2024-01-07,,,32990,"15394340 - COMPANIES HOUSE DEFAULT ADDRESS Cardiff CF14 8LH "
RADIK TOOLS LIMITED,15394297,Dissolved,Private limited company,,2025-02-18,2024-01-07,,,25730,"15394297 - COMPANIES HOUSE DEFAULT ADDRESS Cardiff CF14 8LH "
STANTEPEPEANZOS LTD,15394035,Dissolved,Private limited company,,2025-02-18,2024-01-07,,,10110,"15394035 - COMPANIES HOUSE DEFAULT ADDRESS Cardiff CF14 8LH "
ADMINISTRATION SUPPORT LTD,15394155,Active,Private limited company,,,2024-01-07,,,82990,"3rd Floor, 86-90 Paul Street London EC2A 4NE United Kingdom"
NXT GEN SPORTS GROUP LTD,15394099,Active,Private limited company,,,2024-01-07,,,93199,268 Gordon Avenue Camberley GU15 2NU England
MULBERRY HOMES DEVELOPMENTS LIMITED,15394116,Active,Private limited company,,,2024-01-07,,,41100,7 Juniper Close Hazlemere High Wycombe HP15 7RW England
ILIAD ERNEST LTD,15393973,Dissolved,Private limited company,,2024-12-17,2024-01-07,,,14120,"15393973 - COMPANIES HOUSE DEFAULT ADDRESS Cardiff CF14 8LH "
CORNELIUS DOMINIC LTD,15393969,Dissolved,Private limited company,,2024-12-17,2024-01-07,,,10310,"15393969 - COMPANIES HOUSE DEFAULT ADDRESS Cardiff CF14 8LH "
MAHESHWORI PVT LTD,15394263,Dissolved,Private limited company,,2024-12-17,2024-01-07,,,47760,39 Barden Road Tonbridge TN9 1TU England
JWBHAIR LTD,15394081,Active,Private limited company,,,2024-01-07,,,96020,J W B Hair 5 Swan Yard Sherborne DT9 3AX England
VOSKCOIN TECHNOLOGIES LTD,15393930,Dissolved,Private limited company,,2024-12-24,2024-01-07,,,70221,"15393930 - COMPANIES HOUSE DEFAULT ADDRESS Cardiff CF14 8LH "
VENUEL LTD.,15394039,Dissolved,Private limited company,,2024-12-31,2024-01-07,,,46180 77390 81222,16 Swinscoe Way Chesterfield S40 4UU England
THE TRIFLE SHOP LTD,15394390,Active,Private limited company,,,2024-01-07,,,56103,Unit 8 Morris Green Lane Bolton BL3 3PE England
ESARAYA LTD,15394175,Active,Private limited company,,,2024-01-07,,,47910,37 Milespit Hill London NW7 2PJ England
MISS VINTAGE VICKY LIMITED,15394045,Active,Private limited company,,,2024-01-07,,,96020,119 Byron Avenue Margate CT9 1TX England
MOSKVICH CORP LIMITED,15394286,Dissolved,Private limited company,,2025-01-14,2024-01-07,,,25730,"15394286 - COMPANIES HOUSE DEFAULT ADDRESS Cardiff CF14 8LH "
GILLWOOD LTD,15394236,Active,Private limited company,,,2024-01-07,,,47820,70 Ilford Street Manchester M11 4FL England
TILESTOGO LTD,15393992,Active,Private limited company,,,2024-01-07,,,23310,32 Sutton Court Emerson Valley Milton Keynes MK4 2AD England
SOM & RAVEN LIMITED,SC794321,Active,Private limited company,,,2024-01-07,,,52243,45 Meadowside Road Kilsyth Glasgow G65 9EJ Scotland
BREW N BITE'S LIMITED,15394360,Active,Private limited company,,,2024-01-07,,,47250,18 Sydenham Way Hanham Bristol BS15 3TG England
VMIND LTD,15394004,Active,Private limited company,,,2024-01-07,,,62012 62020,"VMIND LTD 63 London Street Reading RG1 4PS "
KRRASHI CONSTRUCTION & DESIGN LTD,15394362,Active,Private limited company,,,2024-01-07,,,41202 43341 43999,6a Clockhouse Parade Mansions North Circular Road London N13 6BH England
GUT JOURNEY LIMITED,15394494,Active,Private limited company,,,2024-01-07,,,10612,Flat 2 Ragland Court 36 Parkhurst Road London N11 3EL England
PUZZLED MONKEY TREE SERVICES LTD,15394141,Active,Private limited company,,,2024-01-07,,,02100,32 Nant Arian Church Village Pontypridd CF38 1SE Wales
WAVE ELECTRICAL LTD,15394112,Active,Private limited company,,,2024-01-07,,,43210,2 White Railings Coltishall Road Buxton Norwich NR10 5JD England
MCM FACADE CONSULTING LTD,15394253,Active,Private limited company,,,2024-01-07,,,70229,64 Powney Road Maidenhead SL6 6EQ England
FUSIONCATER GOURMET LTD,15394133,Active,Private limited company,,,2024-01-07,,,56102 56210,17 East Drive Watford WD25 0AH England
EZY SALES LTD,15394142,Active,Private limited company,,,2024-01-07,,,47910,172 Langdale Road Thornton Heath CR7 7PR England
KNBC LIMITED,15394342,Active,Private limited company,,,2024-01-07,,,43999 81210 96090,Flat 21 Breacher House 3 Handley Page Road Barking IG11 0UX England
BAP BOY LTD,15394011,Active,Private limited company,,,2024-01-07,,,56102 56103 56210,Flat 15 Empire House 1 Balme Street Bradford BD1 4AL England
GAKEROO LTD,15393990,Active,Private limited company,,,2024-01-07,,,98000,59 Mossborough Drive Liverpool L33 1AA England
COMP SOL LIMITED,NI707637,Active,Private limited company,,,2024-01-07,,,93199,71 Woodside Heights Londonderry BT47 2LA Northern Ireland
J BAUGHAN ROOFING LTD,15394183,Active,Private limited company,,,2024-01-07,,,43910,14 Vicarage Lane Steeple Claydon Buckingham MK18 2PR England
LOFI PRODUCTIONS LTD,15394061,Active,Private limited company,,,2024-01-07,,,11030 11050,22 Wellington Crescent Ramsgate CT11 8JD England
DOUX DREAMS LIMITED,15394171,Active,Private limited company,,,2024-01-07,,,55100 68209 68320,46 Park Street Westcliff-On-Sea SS0 7PA England
ABACUS HOME IMPROVEMENTS LTD,15393955,Active,Private limited company,,,2024-01-07,,,43290,55 Hoole Road Chester CH2 3NJ United Kingdom
KEJ PROPERTY MANAGEMENT LTD,15394460,Active,Private limited company,,,2024-01-07,,,96090,22 Chesterfield Close Orpington BR5 3PQ England
ICLEAN LTD,15393922,Active,Private limited company,,,2024-01-07,,,81210,26 Shackleton Road Yeovil BA21 5ET England
CLEAR CHOICE SOLUTIONS LTD,15394053,Active,Private limited company,,,2024-01-07,,,43999,26 Kennington Road Nuffield Industrial Estate Poole BH17 0GF England
APPEA CLOND LIMITED,15393947,Active,Private limited company,,,2024-01-07,,,47421,"15393947 - COMPANIES HOUSE DEFAULT ADDRESS Cardiff CF14 8LH "
YSTWILM LIMITED,15393978,Dissolved,Private limited company,,2025-01-28,2024-01-07,,,16210 16220 16230,"15393978 - COMPANIES HOUSE DEFAULT ADDRESS Cardiff CF14 8LH "
ISWGR LIMITED,15394310,Active,Private limited company,,,2024-01-07,,,88990,20-22 Wenlock Road London N1 7GU England
NLC RENTALS LTD,15394001,Active,Private limited company,,,2024-01-07,,,68100,1 Oak Tree Road Branton Doncaster DN3 3QB England
MANNY MART LTD,15394203,Active,Private limited company,,,2024-01-07,,,47910,Flat 25 Louise White House 53 Hazellville Road London N19 3LU England
JSK ELITE DEVELOPMENTS LTD,15394058,Active,Private limited company,,,2024-01-07,,,68100 68209,10 Boscomoor Lane Penkridge Stafford ST19 5NU England
LD RENOVATIONS LIMITED,15394097,Active,Private limited company,,,2024-01-07,,,43210,28 Tennyson Road Cheltenham GL51 7BY England
OJUMO LTD,15394049,Active,Private limited company,,,2024-01-07,,,46160,24 Swallow Rise Chatham ME5 7PR United Kingdom
VT SITE MAKER LTD,15393931,Active,Private limited company,,,2024-01-07,,,62090,25 Muir Drive Dartford DA1 5RL England
RETROBOE LTD,15394051,Active,Private limited company,,,2024-01-07,,,47910,17 Chieftain Way Cambridge CB4 2YE United Kingdom
R & J HARDING PROPERTY LIMITED,15394159,Active,Private limited company,,,2024-01-07,,,68209,9 The Copse Barnwood Gloucester GL4 3FR United Kingdom
EQUINOX SEARCH LIMITED,15394054,Active,Private limited company,,,2024-01-07,,,68310 78109,143 Tuckers Road Loughborough LE11 2PH England
SWINCAN GROUP LTD,15394060,Active,Private limited company,,,2024-01-07,,,64203,49 Schofield Avenue Beverley HU17 0HY England
CNCTED NEXUS LIMITED,15394063,Active,Private limited company,,,2024-01-07,,,70229,Flat 92 Orchard Court 35 Bell Green London SE26 4EN England
AHFITNESSCOACH LTD,15394079,Active,Private limited company,,,2024-01-07,,,93130,25 Cross Street Bolton BL1 2SQ England
SANKEYCARE LTD,15394090,Active,Private limited company,,,2024-01-07,,,87900,44 Wright Crescent Widnes WA8 0EE England
C@M TANNING AND BEAUTY THERAPY LTD,15394091,Dissolved,Private limited company,,2024-04-09,2024-01-07,,,96020,213 Bispham Road Blackpool FY2 0NG England
CARFOOTE LTD,15394101,Active,Private limited company,,,2024-01-07,,,52290,50 Mill Lane Southport PR9 7PE England
GGL CONSTRUCTIONS LIMITED,15394103,Active,Private limited company,,,2024-01-07,,,41201 41202,51 Wilbury Way London N18 1BU England
SWINCAN PROPERTY MAINTENANCE LTD,15394105,Active,Private limited company,,,2024-01-07,,,41202 43320,49 Schofield Avenue Beverley HU17 0HY England
CAWLEY ONLINE RETAILERS LTD,15394108,Active,Private limited company,,,2024-01-07,,,47990,16 Sandringham Drive Heanor DE75 7TZ England
D-TECK SCAFFOLDING LTD,SC794303,Active,Private limited company,,,2024-01-07,,,43991,32 West Pilton Loan Edinburgh EH4 4EZ Scotland
MANAMEIN LIMITED,SC794304,Active,Private limited company,,,2024-01-07,,,56210,89 Robertson Road Dunfermline KY12 0AR Scotland
KYTEK LTD,15394117,Active,Private limited company,,,2024-01-07,,,47910,8 Ashbourne Drive Lancaster LA1 2DW United Kingdom
GOOSE ENTERPRISES LIMITED,15394130,Active,Private limited company,,,2024-01-07,,,32300 47640,41 Lynmouth Avenue Enfield EN1 2LR England
BIBIRON LIMITED,15394132,Active,Private limited company,,,2024-01-07,,,49410,1 Chertsey Road London E11 4DG England
FIKA COFFEE AND BAR LTD,15394137,Dissolved,Private limited company,,2024-04-23,2024-01-07,,,56102 56302,Unit 15 Station Road Rossington Doncaster DN11 0XZ United Kingdom
WILLOW LINKS LTD,15394156,Active,Private limited company,,,2024-01-07,,,47910,"3rd Floor, 86-90 Paul Street London EC2A 4NE United Kingdom"
TEALSA LIMITED,15394166,Active,Private limited company,,,2024-01-07,,,41201 42110,11a North Birkbeck Road London E11 4JF England
TUIBINE LTD,15394169,Active,Private limited company,,,2024-01-07,,,14110,12 Park Drive Baldock SG7 6EQ England
COSMETIC PERFUME SHOP LTD,15394197,Active,Private limited company,,,2024-01-07,,,46450,207 Stapleton Road Bristol BS5 0PD England
PUBS AHOY LTD,15394200,Active,Private limited company,,,2024-01-07,,,56302,35 Badger Road Sheffield S13 7TQ England
NANGYAL ENTERPRISES LIMITED,15394204,Active,Private limited company,,,2024-01-07,,,62020,Flat 19 Spelman House Spelman Street London E1 5LG England
DORA AI LTD,15394207,Active,Private limited company,,,2024-01-07,,,62011,8 Station Road Llanelli SA15 1AL Wales
URSU CONSTRUCT LTD,15394216,Active,Private limited company,,,2024-01-07,,,41202,Flat 1 Rutland 50 Barons Close Birmingham B17 9TL England
GBLESSU LTD,15394221,Active,Private limited company,,,2024-01-07,,,49410 53201,9 Asholme Close Birmingham B36 8TJ England
FLORY FLORY CLEANING LTD,15394224,Active,Private limited company,,,2024-01-07,,,81229,Flat 1 Rutland 50 Barons Close Birmingham B17 9TL England
LLUIS LIMITED,15394230,Active,Private limited company,,,2024-01-07,,,14110 47710,12 Langdon Crescent London E6 2PP England
SAFER CARE RECRUITMENT LTD,15394241,Active,Private limited company,,,2024-01-07,,,78109,21 Woodhurst Close Tamworth B77 3JJ England
MOREX LTD,15394244,Active,Private limited company,,,2024-01-07,,,46900,100 Marsh Lane Stanmore HA7 4HP England
VIJAYA REAL ESTATE LTD,15394264,Active,Private limited company,,,2024-01-07,,,68209,1 Winkworth Road Banstead SM7 2QJ England
35245 EVENTS LTD,15394272,Active,Private limited company,,,2024-01-07,,,93199,7 Lower Ebor Street York YO23 1AY England
LUNAR DREAM CONSTRUCTION LTD,15394278,Active,Private limited company,,,2024-01-07,,,41201 41202,135 Mitcham Lane London SW16 6NA England
DHARA GROUP LIMITED,15394283,Active,Private limited company,,,2024-01-07,,,78109,62 Rosedale Avenue Leicester LE4 7AU England
PAK JAPAN MOTORS LTD,15394300,Active,Private limited company,,,2024-01-07,,,45112 45190 45310 45320,106 Redcliffe Street Keighley BD21 2RE England
EASY ACCESS SKIPS LTD,15394308,Active,Private limited company,,,2024-01-07,,,38110 38210 46770,Long Meadow Farm Brickhouse Lane South Godstone Godstone RH9 8JW England
THE BAKE BAG TUITION LIMITED,15394309,Active,Private limited company,,,2024-01-07,,,10710 85590,42 The Thicket Fareham PO16 8PZ England
43210 LTD,15394312,Active,Private limited company,,,2024-01-07,,,43210 43290 82990,"121, Ability House Brooker Road Waltham Abbey EN9 1JH United Kingdom"
SHOWTIME CIRCUS PERFORMING ARTS LTD,15394320,Active,Private limited company,,,2024-01-07,,,90010,238 Bromwich Road St Johns Worcester WR2 4BE United Kingdom
BLOTFORT GROUP LIMITED,15394324,Active,Private limited company,,,2024-01-07,,,41202,11 Lind Street London SE8 4JE England
CAFE BIJOUX LTD,15394327,Active,Private limited company,,,2024-01-07,,,56102,7 Martlesham Welwyn Garden City AL7 2QF England
DIYDYNASTY LIMITED,15394328,Active,Private limited company,,,2024-01-07,,,41202 81221 95220,72 Victoria Gardens Hounslow TW5 9DE England
DANSOMREY LTD,15394351,Active,Private limited company,,,2024-01-07,,,43290 43330 43390,2 The Brontes Corby NN17 2NH England
FLOWER SHOP GARDEN FRESH LTD,15394356,Active,Private limited company,,,2024-01-07,,,47760,22 Wellfield Street Warrington WA5 1AZ England
CRISTI GIOVANI LTD,15394364,Active,Private limited company,,,2024-01-07,,,41202,Flat 1 Regent House 36 Denison Road Manchester M14 5RY England
CORNELIA ION LTD,15394372,Active,Private limited company,,,2024-01-07,,,81210,Flat 1 Regent House 36 Denison Road Manchester M14 5RY England
LOVELINKLDN LTD,15394378,Active,Private limited company,,,2024-01-07,,,47190,7 Chaffinch Close Burgess Hill RH15 8UN England
CONSTANTIN NARCIS LTD,15394384,Active,Private limited company,,,2024-01-07,,,41202,Flat 2 Regent House 36 Denison Road Manchester M14 5RY England
MAT BUILDINGS LTD,15394398,Active,Private limited company,,,2024-01-07,,,41202,19 Grove Road London E11 3AN England
TINY TOOTH LTD,15394406,Active,Private limited company,,,2024-01-07,,,86230 86900,52 Oxendean Gardens Eastbourne BN22 0RR England
DIRECT DATA LIMITED,15394408,Active,Private limited company,,,2024-01-07,,,63110,41 Southcote Road Bournemouth BH1 3SH England
AURORA BURUIANA LTD,15394415,Active,Private limited company,,,2024-01-07,,,81210,892b Hyde Road Manchester M18 7LL England
PROPERTIESHBK LTD,15394416,Active,Private limited company,,,2024-01-07,,,68100 68201 68209 68320,1 Hoobury Wootton Bedford MK43 9QT England
ADRIAN POPESCU LIMITED,15394423,Active,Private limited company,,,2024-01-07,,,41202,Flat 5 Regent House 36 Denison Road Manchester M14 5RY England
EXUDE LIMITED,15394429,Active,Private limited company,,,2024-01-07,,,49320 87200,Flat 7 5 Addington Road Reading RG1 5LT England
"SUBLIME CARPENTRY, CONSTRUCTION AND DESIGN LTD",15394438,Active,Private limited company,,,2024-01-07,,,16230,100 Military Road Canterbury CT1 1NE England
EXCELLENT EDUCATIONAL CONSULTANCY LTD,15394445,Active,Private limited company,,,2024-01-07,,,85600,54 Western Way Barnet EN5 2BT England
CMC GIFT SHOP LTD,15394465,Active,Private limited company,,,2024-01-07,,,46499,10 Sandheys Denton Manchester M34 3TQ England
SHUBANANT LIMITED,15394469,Active,Private limited company,,,2024-01-07,,,56102,81 Fairlands Avenue Thornton Heath CR7 6HD England
ESSON PROPERTY CONSTRUCTION LTD,15394471,Active,Private limited company,,,2024-01-07,,,68209,2 Common Ing Lane Ryhill Wakefield WF4 2DF England
DRAGOS DANIEL LTD,15394472,Active,Private limited company,,,2024-01-07,,,41202,Flat 7 Regent House 36 Denison Road Manchester M14 5RY England
PKEH LIMITED,15394475,Active,Private limited company,,,2024-01-07,,,56210,Flat 2 12 Westcotes Drive Leicester LE3 0QR England
AMOL SERVICESS LIMITED,15394476,Active,Private limited company,,,2024-01-07,,,49410 50200,Apartment 10 Aura Court 1 Percy Street Manchester M15 4AB England
HOLISTIC CENTRAL LTD,15394479,Active,Private limited company,,,2024-01-07,,,86900,7 Eva Road Romford RM6 4NA England
DANIELA ROZALINA LIMITED,15394489,Active,Private limited company,,,2024-01-07,,,81210,Flat 8 Regent House 36 Denison Road Manchester M14 5RY England
SARAZ EVENTS LTD,15394490,Active,Private limited company,,,2024-01-07,,,56210,34 Worcester Street Barrow In Furness LA13 9RU England
SZGP LIMITED,15394498,Active,Private limited company,,,2024-01-07,,,86210,21 Rubens Gate Chelmsford CM1 6GW England
BERTRAM BAYIS LTD,15393960,Dissolved,Private limited company,,2024-07-23,2024-01-07,,,10110,"15393960 - COMPANIES HOUSE DEFAULT ADDRESS Cardiff CF14 8LH "
NABONIL NICKELUS LTD,15394003,Dissolved,Private limited company,,2024-08-13,2024-01-07,,,10320,"15394003 - COMPANIES HOUSE DEFAULT ADDRESS Cardiff CF14 8LH "
YLEALTO LIMITED,15393999,Dissolved,Private limited company,,2024-08-20,2024-01-07,,,08910 08920 08930,"15393999 - COMPANIES HOUSE DEFAULT ADDRESS Cardiff CF14 8LH "
SIMPLY PLUMBING AND HEATING LTD,15394198,Active,Private limited company,,,2024-01-07,,,43220,3 Benedict Square Peterborough PE4 6GD England
DIAMOND DIANA LTD,15394043,Active,Private limited company,,,2024-01-07,,,47710,11 First Avenue Spalding PE11 1LR England
HRS SAPPHIRE LTD,15394187,Dissolved,Private limited company,,2024-07-02,2024-01-07,,,70229,30 Lune Street Oldham OL8 1BS England
J&R MOTOR SALES LTD,15393919,Active,Private limited company,,,2024-01-07,,,45320,9 Boxhill Road Abingdon OX14 2ET United Kingdom
CAPAIN LTD,15393934,Active,Private limited company,,,2024-01-07,,,46160,"3rd Floor, 86-90 Paul Street London EC2A 4NE United Kingdom"
HS BOX STORE LTD,15393936,Active,Private limited company,,,2024-01-07,,,47910,Flat 42 20 Forest Road Feltham TW13 7FD England
MY ANGEL 23 LTD,15393940,Active,Private limited company,,,2024-01-07,,,46770 49420 81299,45 Teasel Crescent London SE28 0LP England
CHAPPELL COURIER COMPANY LTD,15393944,Active,Private limited company,,,2024-01-07,,,52243,344 Great Thornton Street Hull HU3 2LT England
A MAN ABOOT A DOG LTD,SC794298,Active,Private limited company,,,2024-01-07,,,49420 81221 81299 81300,26 Stanley Terrace Oakley Dunfermline KY12 9SL Scotland
TURKEZA LTD,15393971,Active,Private limited company,,,2024-01-07,,,64205,7 Bell Yard London WC2A 2JR England
SUBINYS LTD,15393979,Active,Private limited company,,,2024-01-07,,,46110,144 Roman Bank Spalding PE11 2HR United Kingdom
CYRLLY LIMITED,15393995,Active,Private limited company,,,2024-01-07,,,10110 10120 10130,11 Erskine Road Sutton SM1 3AW England
ELEVATED ESCAPES LTD,15393996,Active,Private limited company,,,2024-01-07,,,55100 68201 68209,95 Maryland Road London N22 5AR England
AP REC LTD,15394013,Active,Private limited company,,,2024-01-07,,,78109,5 Whitekirk Drive Failsworth Manchester M35 0TB England
TAMU PETFOODS HOLDINGS LTD,15394014,Active,Private limited company,,,2024-01-07,,,10920,55 Princes Gate Exhibition Road London SW7 2PN United Kingdom
FVS CONSTRUCTIONS LIMITED,15394036,Active,Private limited company,,,2024-01-07,,,41201 41202,83 Wellfield Road Wigan WN6 8NQ England
CLEANZING LIGHT LTD,15394048,Active,Private limited company,,,2024-01-07,,,58190,61 Bridge Street Kington HR5 3DJ England
JIJI SERVCOM LTD,15394455,Active,Private limited company,,,2024-01-07,,,81222 81229,Apartment 8 Aura Court 1 Percy Street Manchester M15 4AB England
LAREMORE ANNAND LTD,15393951,Dissolved,Private limited company,,2024-09-17,2024-01-07,,,10611,"15393951 - COMPANIES HOUSE DEFAULT ADDRESS Cardiff CF14 8LH "
RUCEALDINGT LIMITED,15394366,Active,Private limited company,,,2024-01-07,,,52241 52242 52243,"15394366 - COMPANIES HOUSE DEFAULT ADDRESS Cardiff CF14 8LH "
15393950 LIMITED,15393950,Active,Private limited company,,,2024-01-07,,,56101,"15393950 - COMPANIES HOUSE DEFAULT ADDRESS Cardiff CF14 8LH "
MULTI CLEANING LTD,15394018,Dissolved,Private limited company,,2024-09-17,2024-01-07,,,81210,1 Ferguson Road West Derby Liverpool L11 8LE England
OVERNUMEROUSNESS LTD,15394339,Active,Private limited company,,,2024-01-07,,,64209,Rowan House 7 West Bank Scarborough YO12 4DX England
URBAN LOGISTICS BIDCO LTD,15394134,Dissolved,Private limited company,,2024-10-15,2024-01-07,,,52243,34 Seaton Close London SW15 3TJ England
DANIELA IVANOVA LTD,15394481,Active,Private limited company,,,2024-01-07,,,81210,"15394481 - COMPANIES HOUSE DEFAULT ADDRESS Cardiff CF14 8LH "
KAO SOLUTIONS LTD,15394482,Active,Private limited company,,,2024-01-07,,,42990,6 Hamlet Close 6 Hamlet Close Blackburn BB2 1XH England
FOUR RIVERS LTD,15394109,Active,Private limited company,,,2024-01-07,,,47910,51 Rawsthorne Avenue Manchester M18 7GA England
UGENEMALORK LIMITED,15394318,Dissolved,Private limited company,,2024-10-08,2024-01-07,,,45111 45112 77110,"15394318 - COMPANIES HOUSE DEFAULT ADDRESS Cardiff CF14 8LH "
DUA AUTOHAUS LTD,15394271,Active,Private limited company,,,2024-01-07,,,45112,31 Coventry Road Ilford IG1 4QR England
JULIUS JONAS LTD,15393985,Dissolved,Private limited company,,2024-09-10,2024-01-07,,,10110,"15393985 - COMPANIES HOUSE DEFAULT ADDRESS Cardiff CF14 8LH "
FITZGERALD GODFREY LTD,15393977,Dissolved,Private limited company,,2024-09-10,2024-01-07,,,15200,"15393977 - COMPANIES HOUSE DEFAULT ADDRESS Cardiff CF14 8LH "
JOY FLOWER SHOP LTD,15394323,Dissolved,Private limited company,,2024-10-22,2024-01-07,,,47760,"15394323 - COMPANIES HOUSE DEFAULT ADDRESS Cardiff CF14 8LH "
15394041 LIMITED,15394041,Active,Private limited company,,,2024-01-07,,,56101,"15394041 - COMPANIES HOUSE DEFAULT ADDRESS Cardiff CF14 8LH "
BARON TOOLS LIMITED,15394259,Dissolved,Private limited company,,2024-11-26,2024-01-07,,,25730,"15394259 - COMPANIES HOUSE DEFAULT ADDRESS Cardiff CF14 8LH "
SAULIAUS AUTO LTD,15394254,Active,Private limited company,,,2024-01-07,,,47210 47220,50 Dunhill Rise Leeds LS9 0EH England
HADI CONSTRUCTION LTD,15394375,Active,Private limited company,,,2024-01-07,,,41202,18 St. Margarets Road Great Barr Birmingham B43 6LD England
HARRY BEADLE LTD,15394347,Active,Private limited company,,,2024-01-07,,,62020,87 Salford Road London SW2 4BE England
AUCTION HAVEN LTD,15394284,Active,Private limited company,,,2024-01-07,,,47789,30 30 Crucible Close Romford RM6 4PZ England
FABRIC NATURE LIMITED,15394427,Active,Private limited company,,,2024-01-07,,,13300,"15394427 - COMPANIES HOUSE DEFAULT ADDRESS Cardiff CF14 8LH "
SANIAIJAZ LTD,15394157,Active,Private limited company,,,2024-01-07,,,47910,"15394157 - COMPANIES HOUSE DEFAULT ADDRESS Cardiff CF14 8LH "
LONDON LANDMARK CONSTRUCTION LTD,15394231,Active,Private limited company,,,2024-01-07,,,41100 43210 43220 68100,3rd Floor 45 Albemarle Street Mayfair London W1S 4JL England
15393949 LIMITED,15393949,Dissolved,Private limited company,,2024-12-31,2024-01-07,,,56101,"15393949 - COMPANIES HOUSE DEFAULT ADDRESS Cardiff CF14 8LH "
VILLAQUERCIA LIMITED,15393975,Active,Private limited company,,,2024-01-07,,,55209,43 Moreland Drive Gerrards Cross SL9 8BD England
VALLEY SPRAY COATINGS LTD,15393972,Active,Private limited company,,,2024-01-07,,,43341,124 Whalley Road Read Burnley BB12 7PN England
COTTON FLORIST LTD,15394391,Active,Private limited company,,,2024-01-07,,,14132,103 Chells Way Stevenage SG2 0LF England
ANDREW TOOLS LIMITED,15394403,Dissolved,Private limited company,,2025-01-14,2024-01-07,,,25730,"15394403 - COMPANIES HOUSE DEFAULT ADDRESS Cardiff CF14 8LH "
THE TRANSPORT SERVICE LTD,15394158,Active,Private limited company,,,2024-01-07,,,99999,34 Herries Street Ashton-Under-Lyne OL6 9PL England
JRICHARDS LIMITED,15393926,Active,Private limited company,,,2024-01-07,,,62012,102 Corby Road Weldon Corby NN17 3HX England
HOCKADAY CONSULTING LIMITED,15394037,Active,Private limited company,,,2024-01-07,,,71122,Countrywide House Knights Way Shrewsbury SY1 3AB United Kingdom
WFTESO LTD,15394268,Active,Private limited company,,,2024-01-07,,,47710,29 Lucey Way London SE16 3UD England
G SROAYE LTD,15394338,Active,Private limited company,,,2024-01-07,,,68100,91 Dorrington Road Birmingham B42 1QR England
JACOB NUNES LTD,15394437,Active,Private limited company,,,2024-01-07,,,46160 47910,Jacob Nunes Ltd 86-90 Paul Street 3rd Floor London EC2A 4NE United Kingdom
INFINITY INVEST AND HOLD LIMITED,15394299,Dissolved,Private limited company,,2025-01-28,2024-01-07,,,47781,57 Copsey Grove Drayton Portsmouth PO6 1NA England
NEXELARA SHOP LIMITED,15394470,Active,Private limited company,,,2024-01-07,,,47910,Station House Station Road Heighington Lincoln LN4 1QJ England
SHIAN HOMES LTD,15394430,Active,Private limited company,,,2024-01-07,,,68100 68209,12 Barngate Street Leek ST13 8AP England
JOD TECHNOLOGIES LIMITED,15394290,Active,Private limited company,,,2024-01-07,,,62020 62090,147 Bradford Street Farnworth Bolton BL4 9JP England
CJN CARE LTD,15394491,Active,Private limited company,,,2024-01-07,,,86101,64 Shirley Grove London N9 8EP England
CALLIE CONSULTANCY LTD,SC794320,Active,Private limited company,,,2024-01-07,,,70221,2 Northdales Drive Falkirk FK2 8SX Scotland
YOUR WEEKLY RECS LTD,15394359,Active,Private limited company,,,2024-01-07,,,99999,3 Seafield Road Broadstairs CT10 2DD England
DAZDAN DRAINAGE SOLUTIONS LTD,15394400,Active,Private limited company,,,2024-01-07,,,37000,12 Turnhouse Crescent Wolverhampton WV2 2AN England
GENO CONSULTANCY LTD,15394235,Active,Private limited company,,,2024-01-07,,,70229 79110 85590,"3rd Floor, 150 Fleet Street London EC4A 2DQ United Kingdom"
GOLD STANDARD LETTINGS LTD,15394067,Active,Private limited company,,,2024-01-07,,,68209,18 Braddon Avenue Stapleford Nottingham NG9 8NA England
MADS FOR DOGS LTD,15394407,Active,Private limited company,,,2024-01-07,,,01621,Cassia Green Farm Cassia Green Marton Winsford CW7 2PZ England
PLUS SIGN SOFTWARE LTD,15394258,Active,Private limited company,,,2024-01-07,,,62011,Flat 2 Sagar Lodge 105 Cheadle Road Cheadle Hulme Cheadle SK8 5DQ England
NB BUILDING SERVICES AB LTD,15394222,Active,Private limited company,,,2024-01-07,,,43390,39 Vincent Avenue Surbiton KT5 9RD England
UNBETFX LIMITED,15394066,Active,Private limited company,,,2024-01-07,,,70221,"15394066 - COMPANIES HOUSE DEFAULT ADDRESS Cardiff CF14 8LH "
LANHAM CATERING SERVICES LTD,15394302,Dissolved,Private limited company,,2025-01-14,2024-01-07,,,33140 71129,139 Donnington Close Redditch B98 8QF England
BENMOUSSA HOLDINGS LTD,15394009,Active,Private limited company,,,2024-01-07,,,47789,1 Calcutt Close Dunstable LU5 4NL England
LWR CAPITAL MANAGEMENT LTD,15394136,Active,Private limited company,,,2024-01-07,,,64991,"Suite G04 1 Quality Court, Chancery Lane London WC2A 1HR England"
NOVA 23 LIMITED,15394005,Active,Private limited company,,,2024-01-07,,,59113 90010,73 Leicester Road Quorn Loughborough LE12 8BA United Kingdom
M&E CLEANING SERVICES LTD,15394493,Active,Private limited company,,,2024-01-07,,,81222,241 Short Heath Road Birmingham B23 6LD England
WE BUY HOMES LTD,15394080,Active,Private limited company,,,2024-01-07,,,68100 68320,1b Suffolk Street Oldham OL9 7DS United Kingdom
PHARMASELLER LTD,15394140,Active,Private limited company,,,2024-01-07,,,47910,20 Spelman Street London E1 5LQ England
DAYS OUT LIMITED,15394301,Active,Private limited company,,,2024-01-07,,,56101,9 Station Road Westgate On Sea CT8 8RB United Kingdom
AK TALENT LTD,15394068,Dissolved,Private limited company,,2025-02-04,2024-01-07,,,78109,151 Woodlands Road Manchester M8 0NG England
HAFIZ FIZA LIMITED,15394211,Dissolved,Private limited company,,2025-02-04,2024-01-07,,,47990,"15394211 - COMPANIES HOUSE DEFAULT ADDRESS Cardiff CF14 8LH "
ROWN MARKETING LIMITED,15394337,Dissolved,Private limited company,,2025-02-04,2024-01-07,,,47990,"15394337 - COMPANIES HOUSE DEFAULT ADDRESS Cardiff CF14 8LH "
UAZIK TOOLS LIMITED,15394326,Dissolved,Private limited company,,2025-02-04,2024-01-07,,,25730,"15394326 - COMPANIES HOUSE DEFAULT ADDRESS Cardiff CF14 8LH "
SOCCER SKILL STUDIO LTD,15393981,Active,Private limited company,,,2024-01-07,,,93110,9 Lark Hill Plymouth PL2 2LL England
LOVEFITZ PROPERTIES LTD,15394020,Active,Private limited company,,,2024-01-07,,,68310 68320,"Office 721, 182-184 High Street North Office 721 182-184 High Street North London E6 2JA England"
IMPACT PMO LTD,15394181,Active,Private limited company,,,2024-01-07,,,61200 82990,58 Braybon Avenue Brighton BN1 8HG England
RESTLESS WORKSHOPS LTD,15394151,Active,Private limited company,,,2024-01-07,,,59111 59113 90020 93210,28 Ebrook Road Sutton Coldfield B72 1NY England
PROCESS ENGINEERING PROJECTS LTD,15394447,Active,Private limited company,,,2024-01-07,,,71121,6 Pine Avenue Whitefield Manchester M45 7EQ England
NESTING PROPERTIES LIMITED,15394306,Active,Private limited company,,,2024-01-07,,,68209,416h Commercial Road London E1 0LQ England
WORKPLACE MINDFULNESS LIMITED,15394075,Active,Private limited company,,,2024-01-07,,,85590,5 Mulberry Close Elton Chester CH2 4RN United Kingdom
SITHOHO LIMITED,15394434,Active,Private limited company,,,2024-01-07,,,45112,43 Park Court North Park Road Bradford BD9 4ND England
WETDOG LTD,15394266,Active,Private limited by guarantee without share capital,,,2024-01-07,,,90010,Flat 2 57-59 Wilbury Road Hove BN3 3PB England
PEARLBYTES ACCESSORIES LTD,15394179,Active,Private limited company,,,2024-01-07,,,47910,116 Waithlands Road Rochdale OL16 5EX England
ECO4 HOME IMPROVEMENTS LTD,15394274,Active,Private limited company,,,2024-01-07,,,43220 43290 43330,29 Bridgford Road West Bridgford Nottingham NG2 6AU England
SEAL SKIN LTD,15393929,Active,Private limited company,,,2024-01-07,,,46420,Tagus House 9 Ocean Way Southampton SO14 3TJ England
SPLENDOUR BEAUTY LTD COMPANY LTD,15394033,Active,Private limited company,,,2024-01-07,,,96020,52 Bradley Road Luton LU4 8SL England
SONDER INVEST LIMITED,15394280,Active,Private limited company,,,2024-01-07,,,98000,34 Crossways South Croydon CR2 8JN England
SNAPSHOT SELFIEBOOTH LTD,15394160,Active,Private limited company,,,2024-01-07,,,56210 74202,18 Stratton Drive Barking IG11 9HJ England
ALL HAVEN GOODS LTD,15393924,Active,Private limited company,,,2024-01-07,,,47910,Flat 98 Albert Barnes House New Kent Road London SE1 6PJ England
ESSEX IRRIGATION SYSTEMS LIMITED,15394028,Active,Private limited company,,,2024-01-07,,,81300,5 Teal Avenue Mayland Chelmsford CM3 6TU England
NOTHING TO FEAR LTD,SC794311,Active,Private limited company,,,2024-01-07,,,96020,3 Woodvale Avenue Bearsden Glasgow G61 2JS Scotland
CLIFFORD MOORE PROPERTY LTD,15394065,Active,Private limited company,,,2024-01-07,,,98000,Providence House East Bank Stainforth Doncaster DN7 5JF England
ACCUBALANCE SOLUTIONS LTD,15394077,Active,Private limited company,,,2024-01-07,,,69202,17 East Drive Watford WD25 0AH England
CYBERBYTE TECHNOLOGIES LTD,15394174,Active,Private limited company,,,2024-01-07,,,62020 85590,90 Claudian Way Grays RM16 4QU England
SEVERNVIEW FIRE DOORS LIMITED,15394369,Active,Private limited company,,,2024-01-07,,,43320,28 Vulcan Way Abbeymead Gloucester GL4 5JQ England
CRAFT BD LIMITED,15394030,Active,Private limited company,,,2024-01-07,,,82990,G4 93-101 Greenfiled Rd East London Business Centre London E1 1EJ England
DBJ CONSULTING LTD,15393932,Active,Private limited company,,,2024-01-07,,,46900,15 Wordsworth Road West Bridgford Nottingham NG2 7AN England
DERWENT INDUSTRIAL SERVICES LIMITED,15394070,Active,Private limited company,,,2024-01-07,,,33120,90 New Street South Normanton Alfreton DE55 2BS England
RESTO + LTD,15393957,Active,Private limited company,,,2024-01-07,,,45200,5 Tanybwlch Road Llanllechid Bangor LL57 3HU Wales
THE IMPACT PLAYER FOOTBALL CAMPS LTD,15394412,Active,Private limited company,,,2024-01-07,,,93199,2 Hampton Court Road Birmingham B17 9AE England
DOKO ENGINEERING LTD,15394212,Active,Private limited company,,,2024-01-07,,,71122,21 Winifred Road Hampton Hill Hampton TW12 1AL England
AIEEC LTD,15394229,Active,Private limited company,,,2024-01-07,,,74901,12 Sedgwick Court Kendal LA9 5HZ England
MDB INDUSTRIES LTD,15394177,Active,Private limited company,,,2024-01-07,,,52290,88 Mill Park Drive Braintree CM7 1XF United Kingdom
CRESCENT CITY LTD,15394383,Active,Private limited company,,,2024-01-07,,,70229,8 Eton Walk Hagley Stourbridge DY9 0PG England
BODYBELL LTD,15394146,Active,Private limited company,,,2024-01-07,,,96040,23 Treby Street London E3 4TE England
HORTI INNOVATIONS LTD,15394350,Active,Private limited company,,,2024-01-07,,,16230,Three Acres Brancaster Road Docking King's Lynn PE31 8NB England
RAINBOW & CO PROPERTY LTD,15394267,Active,Private limited company,,,2024-01-07,,,68100 68209 68320,87 Seymours Harlow CM19 5NQ England
PEAK DRILLING SITE INVESTIGATION AND GEO SERVICES LTD,15394139,Active,Private limited company,,,2024-01-07,,,43130,Daisy Barn Main Street Birchover Matlock DE4 2BL England
DISCOVERY MACHINES LTD,15394251,Active,Private limited company,,,2024-01-07,,,72110 72190,6 Brick Cottages Harkstead Road Holbrook Ipswich IP9 2RG England
FAMILY REUNION LIMITED,15394379,Active,Private limited company,,,2024-01-07,,,56101,15-17 Pennyfields London E14 8HP England
THE FLOWER FLAT LTD,15394382,Dissolved,Private limited company,,2025-02-11,2024-01-07,,,47760,"15394382 - COMPANIES HOUSE DEFAULT ADDRESS Cardiff CF14 8LH "
JM WELLNESS LTD,15394164,Active,Private limited company,,,2024-01-07,,,96040,14 Holly Road Hounslow TW3 1UN England
VANI VENTURES LTD,15393965,Active,Private limited company,,,2024-01-07,,,47190 81210 81299,Unit 82a James Carter Road Mildenhall Bury St. Edmunds IP28 7DE England
UNITED4UK LIMITED,15394473,Active,Private limited company,,,2024-01-07,,,68201,2 Foundry Mews Hounslow TW3 2AQ England
UNIQUE FINDS BAZAAR LTD,15394190,Dissolved,Private limited company,,2025-02-18,2024-01-07,,,47890,"15394190 - COMPANIES HOUSE DEFAULT ADDRESS Cardiff CF14 8LH "
LUXURY BARBER NORWICH LTD,15394467,Active,Private limited company,,,2024-01-07,,,96020,95 Magdalen Street Norwich NR3 1AA England
MACTILNEY LIMITED,15394072,Active,Private limited company,,,2024-01-07,,,64209,Mount View Church Lane Pinner HA5 3AA England
DEPTH TECHNOLOGIES LTD,15394410,Active,Private limited company,,,2024-01-07,,,62012,The Coach House 77 Regent Street Stonehouse GL10 2AA England
AJC GROUP SERVICES LTD,15394401,Active,Private limited company,,,2024-01-07,,,68320,601 London Road Westcliff-On-Sea SS0 9PE England
D-C ROOFING SERVICES LTD,15394193,Active,Private limited company,,,2024-01-07,,,43910,39 Dragons Way Church Crookham Fleet GU52 8DS England
TITAN TECH LTD,15394150,Active,Private limited company,,,2024-01-07,,,47190,3 Mossland Grove Bolton BL3 4SH England
BTAQ GROUP LIMITED,15394464,Active,Private limited company,,,2024-01-07,,,62090 70229 78300 85310,9 Greatdown Road London W7 1JR England
CHAMPIONS BUSH LTD,15394499,Active,Private limited company,,,2024-01-07,,,47110 47990,135 Stratford Road London E13 0JN England
WAREHOUSE GOBLINS LTD,15394276,Active,Private limited company,,,2024-01-07,,,47190 47990,93 Watnall Road Hucknall Nottingham NG15 7NL England
OZNEAKERS FOOTWEAR (UK) LIMITED,15394439,Active,Private limited company,,,2024-01-07,,,15200 46420 47721 47910,71-75 Shelton Street London WC2H 9JQ England
RH GURAYA BUILDERS LTD,15394163,Active,Private limited company,,,2024-01-07,,,41202 43390,19 Abbeycourt Road Leicester LE4 2AN England
SUBLIME-5 LTD,15394246,Active,Private limited company,,,2024-01-07,,,62020,6 Crossdale Road Manchester M9 6JS England
11:11 PROPERTY ESTATES LTD,15394152,Active,Private limited company,,,2024-01-07,,,68209,6 Dunchurch Crescent Sutton Coldfield B73 6QN England
BABY GINGE LTD,15394281,Active,Private limited company,,,2024-01-07,,,47910,9 Nann Hall Glade Cleckheaton BD19 4GF United Kingdom
GET A MORTGAGE LIMITED,15394242,Active,Private limited company,,,2024-01-07,,,64922,Carlton Chambers 15 Vaughan Parade Torquay TQ2 5EG England
CARTER TOOLS LIMITED,15394374,Active,Private limited company,,,2024-01-07,,,25730,"15394374 - COMPANIES HOUSE DEFAULT ADDRESS Cardiff CF14 8LH "
C.M. MOTOR SERVICES LIMITED,15394123,Dissolved,Private limited company,,2024-05-28,2024-01-07,,,71122,95 Ashtree Road Oldbury B69 2HH United Kingdom
CASH MACHINE CARS LTD,15393918,Active,Private limited company,,,2024-01-07,,,71129,39 Alexandra Road Uckfield TN22 5BB United Kingdom
ENCHANTED ELEGANCE LTD,SC794297,Active,Private limited company,,,2024-01-07,,,47910,Flat 1 Old Bakery Buildings May Court Inverness IV3 5BT Scotland
BOSWAT HARML LIMITED,15393941,Active,Private limited company,,,2024-01-07,,,47421,36 Granville Road Watford WD18 0AH England
Y&SZ LTD,15393942,Active,Private limited company,,,2024-01-07,,,43220 43341 81291 81299,29-31 Southwick Street London W2 1JQ England
TBONS LARMK LIMITED,15393945,Active,Private limited company,,,2024-01-07,,,46420,36 Granville Road Watford WD18 0AH England
WE BUY ANY CAR NORTHERN LTD,15393946,Active,Private limited company,,,2024-01-07,,,45112 45310,5 Durham Place Scarborough YO12 7QA England
RETRODEC LIMITED,SC794299,Active,Private limited company,,,2024-01-07,,,43341,272 Bath Street Glasgow G2 4JR Scotland
SAUCISSE LTD,15394002,Active,Private limited company,,,2024-01-07,,,47710,Unity House Westwood Park Drive Wigan WN3 4HE United Kingdom
TOYSAMIMA LTD,15394010,Active,Private limited company,,,2024-01-07,,,47650,103 Highlever Road London W10 6PW England
SHIELD SPARK SERVICES LTD,15394017,Active,Private limited company,,,2024-01-07,,,80100,136 Pembroke Street London N1 0DP England
LEXDEN STRUCTURES LTD,15394021,Active,Private limited company,,,2024-01-07,,,41202 43290,102-105 Whitechapel High Street London E1 7RA England
SHEZ STOP SHOP LTD,15394027,Active,Private limited company,,,2024-01-07,,,47990,Unit #2393 275 New North Road London N1 7AA United Kingdom
ANN DALTON COMMERCIAL CLEANERS LTD,15394042,Active,Private limited company,,,2024-01-07,,,81210,81 Riverdale Road Erith DA8 1PU England
BRICK LAYING SERVICES LIMITED,15394055,Active,Private limited company,,,2024-01-07,,,41201 41202,48 Lingard Street Leigh WN7 2AQ England
INSTASOLVE LTD,15394062,Active,Private limited company,,,2024-01-07,,,47910,10 Hangleton Road Hove BN3 7GE England
FRYSTOP LTD,15394074,Dissolved,Private limited company,,2024-04-09,2024-01-07,,,56103,3 Parkview Road London SE9 3QP England
KARNA SERVICES LTD,15394082,Active,Private limited company,,,2024-01-07,,,33140 47540 95220,475 Claremont Road Manchester M14 5WU United Kingdom
DOTOROKO CONSULTING LTD,15394085,Active,Private limited company,,,2024-01-07,,,59113 70229,"Flat 18, Golders Court Woodstock Road London NW11 8QG United Kingdom"
AH PERI PERI GRILL HOUSE LTD,15394107,Active,Private limited company,,,2024-01-07,,,56103,638 Hitchin Road Luton LU2 7UG England
ONIK AHMED LIMITED,15394114,Active,Private limited company,,,2024-01-07,,,56103,99 Queens Road Loughborough LE11 1HB England
CREATIVEXCREATIONS LTD,15394119,Active,Private limited company,,,2024-01-07,,,47710,3 Shelby Grange Bradford BD10 8HW United Kingdom
YIPFABRIC LTD,15394120,Active,Private limited company,,,2024-01-07,,,47530 47710 47770 47789,6 Wroxham Road London SE28 8NB United Kingdom
MEHRAJ SHUMSHAD LTD,SC794307,Active,Private limited company,,,2024-01-07,,,56103,1154 Cathcart Road Glasgow G42 9EG Scotland
UBETFX LIMITED,15394148,Active,Private limited company,,,2024-01-07,,,70221,124-128 City Road London EC1V 2NX England
LUXE (BEDFORD) AUTOS LIMITED,15394161,Active,Private limited company,,,2024-01-07,,,77110,14-15 St. Pauls Square Bedford MK40 1SL England
KASPER CONSTRUCTION LIMITED,15394162,Active,Private limited company,,,2024-01-07,,,41100 41201 41202,9 Swinton Street Oldham OL4 1QS England
TDX ACCOUNTING LIMITED,15394167,Active,Private limited company,,,2024-01-07,,,47910,Flat A22 Asquith Court 1 Thurston Road London SE13 7YL England
BLUE WHALE ACCESSORIES LTD,15394168,Dissolved,Private limited company,,2024-04-16,2024-01-07,,,47710,Flat 6 Ramar House Hanbury Street London E1 5JH England
I SHINE COMMUNICATION LIMITED,15394172,Active,Private limited by guarantee without share capital,,,2024-01-07,,,47429 64999,79 East Dulwich Grove London SE22 8PR England
RABI FARMA LIMITED,15394176,Active,Private limited company,,,2024-01-07,,,47990,12 Merlin Close Slough SL3 8QW England
LUCKSTAND LIMITED,15394178,Active,Private limited company,,,2024-01-07,,,46520 47410 47540 80200,43 Lytton Avenue Manchester M8 0SQ England
NEW FOREST COSMETICS LTD,15394194,Active,Private limited company,,,2024-01-07,,,96020,31 Spicers Hill Totton Southampton SO40 9ED England
GILBERT PARTS LIMITED,15394196,Active,Private limited company,,,2024-01-07,,,45310,4 Heber Road London NW2 6AA England
RK HOMES (NORTHANTS) LTD,15394202,Active,Private limited company,,,2024-01-07,,,41100 41202,The Old Poultry Farm Stoke Albany Road Desborough Kettering NN14 2SP England
SNAPLY STORE LTD,15394220,Active,Private limited company,,,2024-01-07,,,47910,19 Falls Green Avenue Manchester M40 2BL England
NV MARKETING LTD,15394228,Active,Private limited company,,,2024-01-07,,,47990,Suite 4 Beaufort Court Admirals Way London E14 9XL England
UNITED ELECTRICS SERVICES LTD,15394232,Active,Private limited company,,,2024-01-07,,,43210,119 City Way Rochester ME1 2BB England
BRITANNIA DEPOT LTD,15394261,Active,Private limited company,,,2024-01-07,,,47990,72 Morris Street Oldham OL4 1EL United Kingdom
SOULGLO LTD,15394273,Active,Private limited company,,,2024-01-07,,,46450,18 Bramble Court Sandiacre Nottingham NG10 5QU England
MOTION LOGISTICS LTD,15394282,Active,Private limited company,,,2024-01-07,,,49410 52290,"3rd Floor, 86-90 Paul Street London EC2A 4NE United Kingdom"
NETPROFEES LIMITED,15394288,Active,Private limited company,,,2024-01-07,,,62020 69201,Flat 4 Metro Building 148 Major Road London E15 1DY England
SHANDAWEZ LIMITED,15394289,Active,Private limited company,,,2024-01-07,,,47990,21 Kingsford Street Salford M5 5HU England
SILO CREDIT LTD,15394292,Dissolved,Private limited company,,2024-04-09,2024-01-07,,,64921,34 Hilliat Fields Drayton Abingdon OX14 4JQ England
ENOX SOFTWARE CONSTRUCTION LTD,15394293,Active,Private limited company,,,2024-01-07,,,41201 41202 49410,47 Nowell Terrace Leeds LS9 6HX England
PANSHI CATERING LTD,15394304,Active,Private limited company,,,2024-01-07,,,56210,81 Sydenham Road Birmingham B11 1DG England
41202 LTD,15394313,Active,Private limited company,,,2024-01-07,,,41100 41202 43999 68320,"121, Ability House Brooker Road Waltham Abbey EN9 1JH United Kingdom"
MEGAFONE AI LTD,15394315,Active,Private limited company,,,2024-01-07,,,62012,86-90 Paul Street London EC2A 4NE England
ZJZ TRADERS LIMITED,15394341,Active,Private limited company,,,2024-01-07,,,47910,35 Grafton Road Worcester Park KT4 7QQ England
CELIA P LANDSCAPE LTD,15394346,Active,Private limited company,,,2024-01-07,,,81300,18 Brewerne Orton Malborne Peterborough PE2 5NJ England
S8TRAVEL LTD,15394355,Dissolved,Private limited company,,2024-04-09,2024-01-07,,,49390,19 Lupton Crescent Sheffield S8 7NA England
THE HOLEWA MOTOR LTD,15394371,Active,Private limited company,,,2024-01-07,,,45112,Flat 503 Prioress House 5-7 Loxford Road Barking IG11 8SD England
WIB GLOBAL LIMITED,15394373,Active,Private limited company,,,2024-01-07,,,74100,22 Tanners Hill Abbots Langley WD5 0LT England
J & R DESIGN & PRINT LIMITED,SC794316,Active,Private limited company,,,2024-01-07,,,47820,27 Mount Pleasant Road Thurso KW14 8JT Scotland
SHOPIFY LOGISTICS LTD,15394380,Active,Private limited company,,,2024-01-07,,,47640,8 Victoria Road Oldbury B68 9UH England
SMITHS SECURED IT LTD,15394381,Active,Private limited company,,,2024-01-07,,,33190,4 Warren Road Hucknall Nottingham NG15 6JB England
CORNELIA CROITORU LIMITED,15394386,Active,Private limited company,,,2024-01-07,,,81210,Flat 3 Flat 3 26 Stoneleigh Street Oldham OL1 4LE England
MAXI RECRUITMENT LIMITED,15394388,Active,Private limited company,,,2024-01-07,,,78109 78200,86 Norwood Avenue Romford RM7 0QJ England
CANOPY SCOPE LIMITED,15394392,Active,Private limited company,,,2024-01-07,,,43290,33 Whitehall Road East Birkenshaw Bradford BD11 2EQ England
FLIPPING SERVICES LTD,15394393,Active,Private limited company,,,2024-01-07,,,81210,1 Hamilton Road Little Canfield Dunmow CM6 1SY England
EQUINOX FIRE SAFETY LTD,15394402,Active,Private limited company,,,2024-01-07,,,74909,4 Parkview Court Lincoln LN4 2LS United Kingdom
CATALIN GEORGE C LTD,15394413,Active,Private limited company,,,2024-01-07,,,41202,Flat 4 Regent House 36 Denison Road Manchester M14 5RY England
ALEXANDRU ARDELEANU LIMITED,15394421,Active,Private limited company,,,2024-01-07,,,41202,Flat 5 Regent House 36 Denison Road Manchester M14 5RY England
THAKRA SECURE SERVICES LTD,15394426,Active,Private limited company,,,2024-01-07,,,80100,19 Beattyville Gardens Ilford IG6 1JN England
ANDREEA NICOLETA LTD,15394433,Active,Private limited company,,,2024-01-07,,,81210,Flat 6 Regent House 36 Denison Road Manchester M14 5RY England
FLORENTIN TRANDAFIR LTD,15394446,Active,Private limited company,,,2024-01-07,,,41202,Flat 6 Regent House 36 Denison Road Manchester M14 5RY England
D BLAKE GROUP LIMITED,15394449,Active,Private limited company,,,2024-01-07,,,64203,22 Kenworthys Flats Southport PR9 0DW England
JAMIE KEMPSTER LTD,15394453,Active,Private limited company,,,2024-01-07,,,46190,10 Cobham Drive Weymouth DT4 0ST England
FINITE PANDA LTD,15394457,Active,Private limited company,,,2024-01-07,,,47990,35 Ladycroft Walk Stanmore HA7 1PD England
KINZO TECH ENTERPRISES LTD,15394478,Active,Private limited company,,,2024-01-07,,,47990,Unit #2985 275 New North Road London N1 7AA United Kingdom
NAICO LIMITED,15394485,Active,Private limited company,,,2024-01-07,,,46190 58290 62011 62090,International House Nile Street Shoreditch London N1 7SR England
TRN HOLDINGS LTD,15394487,Active,Private limited company,,,2024-01-07,,,47910 64209,124-128 City Road London EC1V 2NX England
DANIELA STELA LTD,15394495,Active,Private limited company,,,2024-01-07,,,81210,Flat 1 Flat 1 26 Stoneleigh Street Oldham OL1 4LE England
LUXURY ESCAPES LTD,15394496,Active,Private limited company,,,2024-01-07,,,55100 68209 68320,124-128 City Road London EC1V 2NX England
UFIX BUILDERS LTD,15394440,Active,Private limited company,,,2024-01-07,,,68100,"1 Cranbrook Road South Broadway Chambers, Unit-11, First Floor Ilford IG1 4DU United Kingdom"
DMC LOGISTICS SERVICES LTD,15394165,Active,Private limited company,,,2024-01-07,,,49410,13 Lamb Inn Road Knottingley WF11 8AU England
M&A ELITES LTD,15394096,Active,Private limited company,,,2024-01-07,,,41202 47910,8 Millbrook Close Maidstone ME15 6FZ England
R RACER LTD,15394201,Active,Private limited company,,,2024-01-07,,,45112 77110,41 Crosby Street Stockport SK2 6SJ England
STRATFORD ENERGY HOLDINGS LTD,15394458,Active,Private limited company,,,2024-01-07,,,70100,Grosvenor House 11 St. Pauls Square Birmingham B3 1RB England
SHAHID CABLES LIMITED,15393994,Active,Private limited company,,,2024-01-07,,,47990,"15393994 - COMPANIES HOUSE DEFAULT ADDRESS Cardiff CF14 8LH "
BRAINHILLUK LIMITED,15394441,Dissolved,Private limited company,,2024-07-09,2024-01-07,,,85590,39 St. Leger Court Milton Keynes MK14 5HA United Kingdom
PROPERTY VINE LTD,15394234,Active,Private limited company,,,2024-01-07,,,98000,113 Gorseway Romford RM7 0RR England
PRESCOTT RODNEY LTD,15394006,Dissolved,Private limited company,,2024-09-10,2024-01-07,,,13200,"15394006 - COMPANIES HOUSE DEFAULT ADDRESS Cardiff CF14 8LH "
PAPPIIRS LTD,15394180,Dissolved,Private limited company,,2024-09-10,2024-01-07,,,47760,"15394180 - COMPANIES HOUSE DEFAULT ADDRESS Cardiff CF14 8LH "
LIONEL LEOPOLD LTD,15393988,Dissolved,Private limited company,,2024-09-10,2024-01-07,,,10310,"15393988 - COMPANIES HOUSE DEFAULT ADDRESS Cardiff CF14 8LH "
INGRASIA BICKLEY LTD,15393956,Dissolved,Private limited company,,2024-09-17,2024-01-07,,,10822,"15393956 - COMPANIES HOUSE DEFAULT ADDRESS Cardiff CF14 8LH "
RIANDEN LIMITED,15393976,Dissolved,Private limited company,,2024-09-17,2024-01-07,,,01210 01220 01230,"15393976 - COMPANIES HOUSE DEFAULT ADDRESS Cardiff CF14 8LH "
REMIDD LIMITED,15393986,Dissolved,Private limited company,,2024-09-17,2024-01-07,,,28921 28922 28923,"15393986 - COMPANIES HOUSE DEFAULT ADDRESS Cardiff CF14 8LH "
JASON CORP LTD,15394317,Dissolved,Private limited company,,2024-08-20,2024-01-07,,,25730,"15394317 - COMPANIES HOUSE DEFAULT ADDRESS Cardiff CF14 8LH "
ITODONN LIMITED,15393983,Active,Private limited company,,,2024-01-07,,,10840 10850 10860,"15393983 - COMPANIES HOUSE DEFAULT ADDRESS Cardiff CF14 8LH "
RBAARRI LIMITED,15393970,Active,Private limited company,,,2024-01-07,,,01410 01420 01430,"15393970 - COMPANIES HOUSE DEFAULT ADDRESS Cardiff CF14 8LH "
15394000 LIMITED,15394000,Active,Private limited company,,,2024-01-07,,,56101,"15394000 - COMPANIES HOUSE DEFAULT ADDRESS Cardiff CF14 8LH "
CENTURY TRADERS LIMITED,15393952,Dissolved,Private limited company,,2024-10-01,2024-01-07,,,47990,106 Orpwood Road Birmingham B33 8LL England
STRATEGIC OUTREACH SYSTEMS LIMITED,15394365,Dissolved,Private limited company,,2024-10-01,2024-01-07,,,62020,Silverstream House 45 Fitzroy Street London W1T 6EB England
DIATRICC LTD,15394170,Active,Private limited company,,,2024-01-07,,,47760,"15394170 - COMPANIES HOUSE DEFAULT ADDRESS Cardiff CF14 8LH "
SAJABU LTD,15393933,Dissolved,Private limited company,,2024-07-30,2024-01-07,,,47410,152 Uxbridge Road Pinner HA5 4DS United Kingdom
NANAMAXI CONTRACTOR LIMITED,15394223,Active,Private limited company,,,2024-01-07,,,41202,"69 Kitchener Road, Strood Kent Kitchener Road Rochester ME2 3AP England"
PONDFIELD PROPERTIES LIMITED,15394305,Dissolved,Private limited company,,2024-08-13,2024-01-07,,,68209,38 Ambleside Luton LU3 2SF England
LISAALI LTD,15394153,Active,Private limited company,,,2024-01-07,,,68100 68201 68209 68320,Walker Lane House Lightfoot Lane Fulwood Preston PR4 0AH England
ETIGER LTD,15394329,Active,Private limited company,,,2024-01-07,,,47910,"Rwe, Arca Temple Row Birmingham B2 5AF England"
BOYLE TOOLS LIMITED,SC794318,Dissolved,Private limited company,,2024-10-15,2024-01-07,,,25730,"SC794318 - COMPANIES HOUSE DEFAULT ADDRESS Edinburgh EH7 9HR "
ADEYES LTD,15394104,Dissolved,Private limited company,,2024-10-22,2024-01-07,,,73110,"15394104 - COMPANIES HOUSE DEFAULT ADDRESS Cardiff CF14 8LH "
TREMAINE ANNE HATHAWAY LTD,15394031,Dissolved,Private limited company,,2024-12-17,2024-01-07,,,10611,"15394031 - COMPANIES HOUSE DEFAULT ADDRESS Cardiff CF14 8LH "
N.I COMPETITIONS LTD,NI707636,Dissolved,Private limited company,,2024-11-12,2024-01-07,,,93290,5 Carsons Road Ballygowan Newtownards BT23 5GB Northern Ireland
MD SOLUTIONS LTD,15394128,Active,Private limited company,,,2024-01-07,,,96090,14 Firbank Close Luton LU3 3JB England
LLEWELLYN MANAGEMENT LTD,15394344,Active,Private limited company,,,2024-01-07,,,98000,83 Wentloog Road Rumney Cardiff CF3 3HD Wales
HOLLY MARIE LTD,15394138,Dissolved,Private limited company,,2024-11-05,2024-01-07,,,74202,13 Cladswell Close Cookhill Alcester B49 5JX England
SMOKELESS SWEEPS LTD,15394257,Dissolved,Private limited company,,2024-11-05,2024-01-07,,,81223,6a Bloomfieldhatch Lane Grazeley Reading RG7 1JW England
ZULU BUSINESS LTD,15394497,Dissolved,Private limited company,,2024-12-31,2024-01-07,,,47910,"15394497 - COMPANIES HOUSE DEFAULT ADDRESS Cardiff CF14 8LH "
BRIGANTTES LTD,15394192,Active,Private limited company,,,2024-01-07,,,87900,298 Poolstock Lane Marus Bridge Wigan WN3 5RA United Kingdom
SAMEEN DENTOLOGY LTD,15394331,Active,Private limited company,,,2024-01-07,,,86230,31 Newlyn Street Manchester M14 7PQ England
SONG JEWELLERY LIMITED,15394291,Active,Private limited company,,,2024-01-07,,,32130,"Rosewood Building Unit 2 (1b), Rosewood Building, Gorsuch Place London E2 8GX England"
ABDOL & SONS LIMITED,15394277,Active,Private limited company,,,2024-01-07,,,49410,Flat 6 9 Forrell Grove Birmingham B31 4SL England
NYO STUDIOS LTD,15394483,Active,Private limited company,,,2024-01-07,,,82990,75 Seaford Avenue Nottingham NG8 1LA England
VICRO DIVINE STORES LTD,15394184,Active,Private limited company,,,2024-01-07,,,46341,126 Station Road Yate Bristol BS37 4PQ England
SAFANA FILMS LTD,NI707635,Active,Private limited company,,,2024-01-07,,,59113 59120,24 Belsize Gardens Lisburn BT27 4EX Northern Ireland
NO FURTHER ACTION LDN LIMITED,15394385,Active,Private limited company,,,2024-01-07,,,47710,47 Westbeech Road London N22 6HU England
ELEVATE ENRICHMENT AND LEARNING LTD,15394038,Active,Private limited company,,,2024-01-07,,,85600,12 Barley Close New Ollerton Newark NG22 9WQ England
MAISON SIERRE LTD,SC794300,Active,Private limited company,,,2024-01-07,,,47910,5 South Charlotte Street Edinburgh EH2 4AN Scotland
VIVACE CAFE & PIZZERIA LTD,15394173,Active,Private limited company,,,2024-01-07,,,56102,99 Alum Rock Road Birmingham B8 1ND United Kingdom
H.S.M CIVIL ENGINEERING LTD,15394443,Active,Private limited company,,,2024-01-07,,,42990,117 Grovehall Drive Leeds LS11 7EU England
H&C HOME IMPROVEMENTS LTD,15394016,Active,Private limited company,,,2024-01-07,,,43390,48 Cruick Avenue South Ockendon RM15 6EL England
LATRENA LTD,15394110,Active,Private limited company,,,2024-01-07,,,68100 68209,3 Develin Close Milton Keynes MK14 6JE United Kingdom
BEE & ROO LTD,15394208,Active,Private limited company,,,2024-01-07,,,16290,32 Pilmar Lane Roos Hull HU12 0HN England
WE GOT YOU BOUTIQUE LTD,15394357,Active,Private limited company,,,2024-01-07,,,47650,"C/O Melwoods 575-599 Maxted Road Hemel Hempstead Herts HP2 7DX "
ASTON LORD PROPERTIES LTD,15393961,Active,Private limited company,,,2024-01-07,,,68100 68209,40 Ryton Crescent Seaham SR7 8BL England
NICK FIBRE LTD,15394256,Active,Private limited by guarantee without share capital,,,2024-01-07,,,42220,13 Canberra Road Marton-In-Cleveland Middlesbrough TS7 8EX England
BEYOND BEAUTY BOSTON LTD,15394135,Active,Private limited company,,,2024-01-07,,,96020,5 Argyle Street Boston PE21 8PJ England
STEDMAN SCAFFOLDING LTD,15393974,Active,Private limited company,,,2024-01-07,,,43991,1 Windsor Cottages Harlow Road Matching Tye Harlow CM17 0PA England
GRAND LUXE HOMES LTD,15394269,Active,Private limited company,,,2024-01-07,,,68209,1 Coulson Walk Bristol BS15 1QJ England
BARTI LAWN CLOTHING CO LIMITED,15394417,Active,Private limited company,,,2024-01-07,,,47990,"15394417 - COMPANIES HOUSE DEFAULT ADDRESS Cardiff CF14 8LH "
MARTIN HILL CONTRACTS LTD,15394084,Active,Private limited company,,,2024-01-07,,,74909,Bleak House Grimesgate Derby DE74 2QD United Kingdom
AFRAH LOUNGE LIMITED,15394420,Active,Private limited company,,,2024-01-07,,,56101,Adco Business Centre Bobbers Mill Nottingham NG8 5AH England
BOTANICAL VALUES LTD,15394012,Active,Private limited company,,,2024-01-07,,,91040,6 Greenford View Higher Frome Vauchurch Dorchester DT2 0AS England
DEALINGWITHWELLNESS LIMITED,15394387,Active,Private limited company,,,2024-01-07,,,86900,12 Devilla Close Liverpool L14 9QX England
DESIGN YOUR PRINT LTD,15394461,Active,Private limited company,,,2024-01-07,,,47910,46 46 Church Lane Huddersfield HD5 9EB England
NBG STRUCTURES LTD,15394287,Active,Private limited company,,,2024-01-07,,,71129,11 Waveney Road Beccles NR34 9NW England
ALB DESIGN & CONSTRUCTION LTD,15394336,Active,Private limited company,,,2024-01-07,,,41202 42990 43910 74100,52 Braemar Road Worcester Park KT4 8SW England
SEASONS SHOWCASE LTD,15394330,Active,Private limited company,,,2024-01-07,,,47710 47990,25 Sterling Close London NW10 2HD England
K8TY'S WHEELS LTD,15394121,Active,Private limited company,,,2024-01-07,,,49420,109 Prescot Road Ormskirk L39 4SL United Kingdom
SB FRAGRANCES LTD,15394127,Active,Private limited company,,,2024-01-07,,,20420 46450,1 Grant Avenue Walton-On-Thames KT12 2FL England
CHIC CIRCUIT LIMITED,15394185,Active,Private limited company,,,2024-01-07,,,47190 47910,76c Clarkehouse Road Sheffield S10 2LJ England
RSI SMARTSAVE LTD,15394089,Active,Private limited company,,,2024-01-07,,,47190 47410,288 Crescent Road Bolton BL3 2LZ England
CRD VALETING SERVICES LTD,15393921,Active,Private limited company,,,2024-01-07,,,81222,104 Hathaway Road Swindon SN2 7TS United Kingdom
THE WAXING CO. LTD,15394409,Active,Private limited company,,,2024-01-07,,,96020,31 Station Road Spinkhill Sheffield S21 3YH England
LIBRA CONSULTING SERVICES LTD,15394448,Active,Private limited company,,,2024-01-07,,,70229,12 Ortega Close Wirral CH62 1HF United Kingdom
PATHOS CARE LTD,15393937,Active,Private limited company,,,2024-01-07,,,86900,80 Inverness Road Birmingham B31 1RF United Kingdom
TSLATEST LTD,SC794306,Dissolved,Private limited company,,2025-01-07,2024-01-07,,,47640 47650 47710 47721,19 Belmont Road Aberdeen AB25 3SR Scotland
TARIFF HUB LTD,15394247,Active,Private limited company,,,2024-01-07,,,50200 69203,99 Western Road Lewes BN7 1RS England
POTTER STREET LIMITED,15394032,Active,Private limited company,,,2024-01-07,,,64991,32 Potter Street Northwood HA6 1QE England
AVBEAUTY LONDON LIMITED,15394333,Dissolved,Private limited company,,2025-01-14,2024-01-07,,,96020,Flat 33 Baly House 39 Palace Road London SW2 3EG England
KGA MEDICAL CONSULT LIMITED,15394260,Active,Private limited company,,,2024-01-07,,,86210 86220,4 Gravel Pen Wigston LE18 3AQ England
CLARENCE CLEMENT LTD,15393966,Dissolved,Private limited company,,2025-01-14,2024-01-07,,,13200,"15393966 - COMPANIES HOUSE DEFAULT ADDRESS Cardiff CF14 8LH "
PEAK FULFILL LTD,15394334,Active,Private limited company,,,2024-01-07,,,47110,49 Wilton Road Erdington Birmingham B23 6UA England
ALDE INTERIORS LIMITED,15394100,Active,Private limited company,,,2024-01-07,,,74100,Blanchards The Green Saxtead Woodbridge IP13 9QH England
A CHEEKY LITTLE HOLDING COMPANY LTD,15394182,Active,Private limited company,,,2024-01-07,,,64209,"33 Cavendish Square Floor 2, Serviced Office 201 London W1G 0PW England"
RECORDING YOUR EVOLUTION LTD,15394188,Active,Private limited company,,,2024-01-07,,,59200,124-128 City Road London EC1V 2NX England
TEXTILE EXPRESS LTD,15394345,Active,Private limited company,,,2024-01-07,,,46420,28 Crescent Road Chelmsford CM2 7DB England
HIMIKO SUPER FOODS LTD,15394023,Active,Private limited company,,,2024-01-07,,,47910,124 City Road London EC1V 2NX England
RHYDDA PROJECTS LIMITED,15394432,Active,Private limited company,,,2024-01-07,,,70229,Engine Rooms Station Road Chepstow NP16 5PB Wales
THE WOOFERY LTD,15394394,Active,Private limited company,,,2024-01-07,,,96090,5 Ardmillan Court Oswestry SY11 2JG United Kingdom
AE TRADES LTD,15394145,Active,Private limited company,,,2024-01-07,,,47990 96090,11 39 Bailey Street Flat Ug11 Sheffield S1 4TY United Kingdom
PROPERTYS CLEANING LTD,15394095,Active,Private limited company,,,2024-01-07,,,81210,44 St. Michaels View Widnes WA8 8GX England
FRESCO HOMES LTD,15394131,Active,Private limited company,,,2024-01-07,,,68100 68209,21 Mountbatten Drive Burncross Sheffield S35 1WF England
RECYCLOPS VINTAGE LTD,15394218,Active,Private limited company,,,2024-01-07,,,95240,"6 Park Terrace 6 Park Terrace Doncaster Road Rotherham, Thrybergh S65 4AQ United Kingdom"
FORTH VALLEY JETWASH LTD,SC794319,Active,Private limited company,,,2024-01-07,,,81299,1 Cringate Gardens Bannockburn Stirling FK7 8PP Scotland
KED2711 LIMITED,15394353,Active,Private limited company,,,2024-01-07,,,81299,23a Lansdowne Grove London NW10 1PL England
GLOBAL VEG LTD,15394255,Active,Private limited company,,,2024-01-07,,,46310,51 Whitton Street Wednesbury WS10 8BA United Kingdom
LIGHTPRO ENERGY LTD,15394454,Active,Private limited company,,,2024-01-07,,,43210 43220,68 Riverside Place Lower Southend Road Wickford SS11 8GD England
J STANTON CONSULTANTS LTD,15393968,Active,Private limited company,,,2024-01-07,,,74901,Tithe Barn Russells Water Henley-On-Thames RG9 6EU England
S.A.STOYS LIMITED,15394149,Active,Private limited company,,,2024-01-07,,,47650,17 Hillgarth Consett DH8 9QD England
GRATEFUL MEDIA PRODUCTION LTD,15394451,Active,Private limited company,,,2024-01-07,,,59112,2 Andrews Walk London SE17 3JQ England
BLACK HARE ANTIQUES LTD,15394094,Active,Private limited company,,,2024-01-07,,,47791,8 Town End Meadow Cartmel Grange-Over-Sands LA11 6QG England
AMBD LIMITED,15394239,Active,Private limited company,,,2024-01-07,,,41100,Northwood House 138 Bromham Road Bedford MK40 2QW United Kingdom
CHOPRA HARDWARE LIMITED,15394474,Active,Private limited company,,,2024-01-07,,,47520,42 Runnymede Road Twickenham TW2 7HF England
FOODRETAIL767 LIMITED,SC794305,Active,Private limited company,,,2024-01-07,,,56103,2nd Floor 22-24 Blythswood Square Glasgow G2 4BG United Kingdom
STEFDAL LTD,15394073,Dissolved,Private limited company,,2025-02-04,2024-01-07,,,73110,"15394073 - COMPANIES HOUSE DEFAULT ADDRESS Cardiff CF14 8LH "
LE SIEN LIMITED,15393939,Active,Private limited company,,,2024-01-07,,,47190,41 Victoria Road Barking IG11 8PY England
R J DUDLEY LTD,15394243,Active,Private limited company,,,2024-01-07,,,45112,35 Sorrel Way Carterton OX18 1AG United Kingdom
FAST AND FRESH CLEANING SERVICE LTD,15394106,Active,Private limited company,,,2024-01-07,,,81210 81299,77 Farm Crescent Slough SL2 5TQ England
SKYLINE SA LIMITED,15393991,Active,Private limited company,,,2024-01-07,,,68201,35 Stanley Road Hoylake Wirral CH47 1HN United Kingdom
SURVEILLANCE K9 LTD,15394405,Active,Private limited company,,,2024-01-07,,,80100 81100,241 Coventry Road Ilford IG1 4RF England
LEV PROPERTY SOLUTIONS LTD,SC794310,Active,Private limited company,,,2024-01-07,,,99999,1 Greenoakhill Court Uddingston Glasgow G71 7PQ Scotland
OCCASIO LTD,15394249,Active,Private limited company,,,2024-01-07,,,55100,39-40 Limeharbour London E14 9TS England
ELITE HOMES BATHROOM LTD,15394354,Active,Private limited company,,,2024-01-07,,,43390,47 Balmoral Drive Hayes UB4 0DA England
NEXGEN RENOVATIONS GROUP LTD,SC794312,Active,Private limited company,,,2024-01-07,,,43390 43910,100 Dunbeth Road Coatbridge ML5 3JW Scotland
AUTOMATECONNECT LTD,15394352,Active,Private limited company,,,2024-01-07,,,82990,34 Westerham Walk Westerham Walk Reading RG2 0BA England
ELCOATE RECOVERY LIMITED,15393998,Active,Private limited company,,,2024-01-07,,,52290,15 Keir Hardie Crescent Middlesbrough TS6 6SL England
BUSHRA CARE COMPANY LIMITED,15394463,Active,Private limited company,,,2024-01-07,,,87900,65 Lemsford Road Hatfield AL10 0DZ England
AURA DESIGN AND BUILD LIMITED,15394098,Active,Private limited company,,,2024-01-07,,,41100,45 Albemarle Street London W1S 4JL England
E&RRENTALS LTD,15393928,Active,Private limited company,,,2024-01-07,,,77110,7 Monkswood Avenue Waltham Abbey EN9 1LA England
K&K AUTOWORKZ LIMITED,15394124,Active,Private limited company,,,2024-01-07,,,45112 45200,334 New Hall Lane Preston PR1 4SU United Kingdom
ADVANCE SOCIAL CARE CHILDREN HOMES LTD,15394296,Active,Private limited company,,,2024-01-07,,,87900,Lodge House Cow Lane Burnley BB11 1NN England
HTP RECORDS LIMITED,15393984,Active,Private limited company,,,2024-01-07,,,90030,37 Bateman Road Rickmansworth WD3 3BL United Kingdom
SYB MOTORS LTD,15394361,Active,Private limited company,,,2024-01-07,,,45200,5 Greenhead Avenue Blackburn BB1 5PR England
FINANCEALITO LTD,15394265,Active,Private limited company,,,2024-01-07,,,64205,Rosemary Mill Road North End Dunmow CM6 3PE England
CITY PROPERTY MANAGEMENT (GLOUCESTER) LIMITED,15394213,Active,Private limited company,,,2024-01-07,,,41100 68320 81100 98000,"4, Manor Park Business Centre Mackenzie Way Swindon Village Cheltenham GL51 9TX England"
MA COLLECTION CO. LTD,15394349,Active,Private limited company,,,2024-01-07,,,47910,45 Church Road Hayes UB3 2LB England